id,address,lat,lng,rate,carpark_type,carpark_type_str,is_ttc,rate_half_hour,capacity,max_height,payment_methods/0,payment_methods/1,payment_methods/2,payment_options/0,payment_options/1,payment_options/2,rate_details/periods/0/title,rate_details/periods/0/rates/0/when,rate_details/periods/0/rates/0/rate,rate_details/periods/0/rates/1/when,rate_details/periods/0/rates/1/rate,rate_details/periods/0/notes/0,rate_details/periods/0/notes/1,rate_details/periods/0/notes/2,rate_details/periods/0/notes/3,enable_streetview,streetview_lat,streetview_long,streetview_yaw,streetview_pitch,streetview_zoom,rate_details/periods/1/title,rate_details/periods/1/rates/0/when,rate_details/periods/1/rates/0/rate,rate_details/periods/1/rates/1/when,rate_details/periods/1/rates/1/rate,rate_details/periods/1/notes/0,rate_details/periods/1/notes/1,rate_details/periods/1/notes/2,rate_details/periods/1/notes/3,rate_details/periods/1/notes/4,rate_details/periods/1/notes/5,rate_details/periods/1/notes/6,payment_options/3,rate_details/periods/2/title,rate_details/periods/2/rates/0/when,rate_details/periods/2/rates/0/rate,rate_details/periods/2/rates/1/when,rate_details/periods/2/rates/1/rate,rate_details/periods/2/notes/0,rate_details/periods/2/notes/1,rate_details/periods/2/notes/2,rate_details/periods/2/notes/3,rate_details/addenda/0,rate_details/addenda/1,rate_details/periods/0/rates/2/when,rate_details/periods/0/rates/2/rate,rate_details/periods/2/rates/2/when,rate_details/periods/2/rates/2/rate,rate_details/periods/3/title,rate_details/periods/3/rates/0/when,rate_details/periods/3/rates/0/rate,rate_details/periods/3/rates/1/when,rate_details/periods/3/rates/1/rate,rate_details/periods/4/title,rate_details/periods/4/rates/0/when,rate_details/periods/4/rates/0/rate,rate_details/periods/4/rates/1/when,rate_details/periods/4/rates/1/rate
1,20 Charles Street,43.668997,-79.385093,$2.00 / Half Hour,garage,Garage,false,2.00,430,2.00,Bills,Coins,Charge (Visa / Mastercard / American Express Only),Auto Express Pay Stations,Credit Card at Entry & Exit,Customer Assistance Booth,Monday - Sunday & Holidays,Day Maximum (7am - 6pm),$12.00,Night Maximum (6pm - 7am),$6.00,Unreserved Monthly permit price - $220,Permits currently available,Inquires at monthlypermits@greenp.com or,416-393-7348,yes,43.668822,-79.385262,321.21,-12.45,0,,,,,,,,,,,,,,,,,,,,,,,,,,,,,,,,,,,,,,
3,13 Isabella Street,43.667577,-79.384707,$2.25 / Half Hour,surface,Surface,false,2.25,33,0.00,Coins,Charge (Visa / Mastercard / American Express Only),,Pay and Display,,,Monday - Saturday,Day Maximum (7am - 6pm),NO MAXIMUM,Night Maximum (6pm - 7am),$7.00,,,,,yes,43.667735,-79.384966,115.84,7.51,0,Sunday & Holidays,Day Maximum (7am - 6pm),$6.00,Night Maximum (6pm - 7am),$7.00,"Unreserved Monthly permit price - $150
Permits currently not available 
Inquires at monthlypermits@greenp.com or
416-393-7348",,,,,,,,,,,,,,,,,,,,,,,,,,,,,,,,
5,15 Wellesley Street East,43.664837,-79.383591,$2.00 / Half Hour,surface,Surface,false,2.00,135,0.00,Bills,Coins,Charge (Visa / Mastercard / American Express Only),Pay at Exit Lane Stations,Credit Card at Entry & Exit,Cashier,Monday to Saturday,Day Maximum (7am - 6pm),$14.00,Night Maximum (6pm - 7am),$6.00,,,,,yes,43.665083,-79.383807,138.09,-4.68,0,Sunday & Holidays,Maximum (7am - 7am),$5.00,,,"Unreserved Monthly permit price - $240
Permits currently available 
Inquires at monthlypermits@greenp.com or
416-393-7348",,,,,,,,,,,,,,,,,,,,,,,,,,,,,,,,
11,21 Pleasant Blvd.,43.687092,-79.392850,$1.75 / Half Hour,garage,Garage,false,1.75,557,1.90,Bills,Coins,Charge (Visa / Mastercard / American Express Only),Auto Express Pay Stations,Credit Card at Entry & Exit,Customer Assistance Booth,Monday - Saturday & Holidays,Day Maximum (7am - 6pm),$10.00,Night Maximum (6pm - 7am),$5.00,,,,,yes,43.686491,-79.392056,280.08,-13.18,0,Sunday,Maximum (Sunday 7am - Monday 7am),$5.00,,,Unreserved Monthly permit price - $170,Permits currently available,Inquires at monthlypermits@greenp.com or,416-393-7348,Unreserved Monthly permit price - $170,Permits currently available,Inquires at 416-393-7348,,,,,,,,,,,,,,,,,,,,,,,,,,
12,30 Alvin Avenue,43.689202,-79.393269,$2.50 / Half Hour,surface,Surface,false,2.50,188,2.67,Bills,Coins,Charge (Visa / Mastercard / American Express Only),Pay at Exit Lane Stations,Credit Card at Entry & Exit,Cashier,Monday - Saturday,Day Maximum (6am - 6pm),$20.00,Night Maximum (6pm - 6am),$5.00,,,,,yes,43.688967,-79.392832,330.84,1.32,0,Sunday & Holidays,Maximum (6am - 6am),$5.00,,,,,,,,,,,,,,,,,,,,,,,,,,,,,,,,,,,
13,20 Delisle Avenue,43.689000,-79.395586,$2.00 / Half Hour,garage,Garage,false,2.00,238,2.10,Bills,Coins,Charge (Visa / Mastercard / American Express Only),Auto Express Pay Stations,Credit Card at Entry & Exit,Pay and Display,Monday - Saturday & Holidays (Attended),Day Maximum (7am - 6pm),$13.00,Night Maximum (6pm - 7am),$5.00,,,,,yes,43.688961,-79.395299,280.73,4.22,0,Sunday (Attended),Maximum (Sunday 7am - Monday 7am),$5.00,,,,,,,,,,Customer Assistance Booth,Monday - Sunday & Holidays (Unattended),Day Maximum (7am - 6pm),2 HOUR MAXIMUM,Night Maximum (6pm - 7am),$5.00,,,,,,,,,,,,,,,,,,,,
15,37 Yorkville Avenue,43.671286,-79.389331,$2.00 / Half Hour,garage,Garage,false,2.00,1036,1.90,Bills,Coins,Charge (Visa / Mastercard / American Express Only),Auto Express Pay Stations,Credit Card at Entry & Exit,Customer Assistance Booth,Monday - Saturday & Holidays,Day Maximum (7am - 6pm),$12.00,Night Maximum (6pm - 7am),$6.00,,,,,yes,43.671546,-79.389275,212.41,-8.00,0,Sunday,Maximum (Sunday 7am - Monday 7am),$6.00,,,Unreserved Monthly permit price - $240,Permits currently available,Inquires at 416-393-7348,,,,,,,,,,,,,,,,,,,,,,,,,,,,,,
28,670 Pape Avenue,43.678146,-79.344774,$1.00 / Half Hour,surface,Surface,false,1.00,76,0.00,Coins,Charge (Visa / Mastercard / American Express Only),,Pay and Display,,,Monday - Sunday & Holidays,Day Maximum (7am - 6pm),$5.00,Night Maximum (6pm - 7am),$4.00,Unreserved Monthly permit price - $90,Permits currently available,Inquires at monthlypermits@greenp.com or,416-393-7348,yes,43.678215,-79.344574,226.03,4.08,0,,,,,,,,,,,,,,,,,,,,,,,,,,,,,,,,,,,,,,
18,351 Keele Street,43.664581,-79.463993,$1.00 / Half Hour,surface,Surface,false,1.00,77,0.00,Coins,Charge (Visa / Mastercard / American Express Only),,Pay and Display,,,Monday - Sunday & Holidays,Day Maximum (7am - 6pm),$4.00,Night Maximum (6pm - 7am),$3.00,Unreserved Monthly permit price - $65,Permits currently available,Inquires at monthlypermits@greenp.com or,416-393-7348,yes,43.664670,-79.464226,2.66,0.19,0,,,,,,,,,,,,,,,,,,,,,,,,,,,,,,,,,,,,,,
19,385 Pacific Avenue,43.664736,-79.468124,$1.00 / Half Hour,surface,Surface,false,1.00,71,0.00,Coins,Charge (Visa / Mastercard / American Express Only),,Pay and Display,,,Monday - Sunday & Holidays,Day Maximum (7am - 6pm),$5.00,Night Maximum (6pm - 7am),$3.00,Unreserved Monthly permit price - $55,Permits currently available,Inquires at monthlypermits@greenp.com or,416-393-7348,yes,43.665090,-79.468421,131.87,3.63,0,,,,,,,,,,,,,,,,,,,,,,,,,,,,,,,,,,,,,,
20,101 Cedarvale Avenue,43.686541,-79.310957,$1.00 / Half Hour,surface,Surface,false,1.00,37,0.00,Coins,Charge (Visa / Mastercard / American Express Only),,Pay and Display,,,Monday - Sunday & Holidays,Day Maximum (7am - 6pm),$4.00,Night Maximum (6pm - 7am),$3.00,Unreserved Monthly permit price - $50,Permits currently available,Inquires at monthlypermits@greenp.com or,416-393-7348,yes,43.686621,-79.311177,10.90,-6.20,0,,,,,,,,,,,,,,,,,,,,,,,,,,,,,,,,,,,,,,
21,72 Amroth Avenue,43.685377,-79.311708,$1.00 / Half Hour,surface,Surface,false,1.00,54,0.00,Coins,Charge (Visa / Mastercard / American Express Only),,Pay and Display,,,Monday - Sunday & Holidays,Day Maximum (7am - 6pm),$4.00,Night Maximum (6pm - 7am),$3.00,Unreserved Monthly permit price - $50,Permits currently available,Inquires at monthlypermits@greenp.com or,416-393-7348,yes,43.685473,-79.311475,200.16,9.58,0,,,,,,,,,,,,,,,,,,,,,,,,,,,,,,,,,,,,,,
26,37 Queen Street East,43.652705,-79.377218,$2.50 / Half Hour,garage,Garage,false,2.50,645,2.00,Bills,Coins,Charge (Visa / Mastercard / American Express Only),Credit Card at Entry & Exit,Cashier,,Monday - Friday,Day Maximum (7am - 6pm),$20.00,Night Maximum (6pm - 7am),$6.00,,,,,yes,43.652849,-79.377225,135.41,2.66,0,Saturday - Sunday & Holidays,Day Maximum (7am - 6pm),$6.00,Night Maximum (6pm - 7am),$6.00,Unreserved Monthly permit price - $360,"Permits currently unavailable 
Inquires at monthlypermits@greenp.com or
416-393-7348",,,,,,,,,,,,,,,,,,,,,,,,,,,,,,,
17,716 Pape Avenue,43.679713,-79.345375,$1.00 / Half Hour,surface,Surface,false,1.00,85,,Coins,Charge (Visa / Mastercard / American Express Only),,Pay and Display,,,Monday - Sunday & Holidays,Day Maximum (7am - 6pm),$6.50,Night Maximum (6pm - 7am),$5.00,,,,,yes,43.679806,-79.345193,204.47,1.26,0,,,,,,,,,,,,,,,,,,,,,,,,,,,,,,,,,,,,,,
29,75 Holly Street,43.706469,-79.396348,$1.75 / Half Hour,garage,Garage,false,1.75,460,1.93,Bills,Coins,Charge (Visa / Mastercard / American Express Only),Auto Express Pay Stations,Credit Card at Entry & Exit,Customer Assistance Booth,Monday - Sunday & Holidays,Day Maximum (7am - 6pm),$12.00,Night Maximum (6pm - 7am),$5.00,Unreserved Monthly permit price - $200,Permits currently available,Inquires at monthlypermits@greenp.com or,416-393-7348,yes,43.706305,-79.396497,17.91,-9.00,0,,,,,,,,,,,,,,,,,,,,,,,,,,,,,,,,,,,,,,
32,45 Bay Street,43.643785,-79.378002,$2.50 / Half Hour,surface,Surface,false,2.50,330,0.00,Bills,Coins,Charge (Visa / Mastercard / American Express Only),Cashier,,,Monday - Friday,Day Maximum (5:30am - 6pm),$18.00,Night Maximum (6pm - 5:30am),$6.00,,,,,yes,43.643724,-79.378203,17.79,-9.79,0,Saturday/Sunday/Holidays,Day Maximum (5:30am - 5:30am),$8.00,Night Maximum (6pm - 5:30am),$5.00,,,,,,,,,Air Canada Centre Event,Flat Rate,$25.00,,,Unreserved Monthly permit price - $260,Permits currently not available,Inquires at monthlypermits@greenp.com or,416-393-7348,,,,,,,,,,,,,,,,
34,25 Dundas Street East,43.656004,-79.379933,$2.50 / Half Hour,garage,Garage,false,2.50,265,2.10,Bills,Coins,Charge (Visa / Mastercard / American Express Only),Auto Express Pay Stations,Credit Card at Entry & Exit,Customer Assistance Booth,Monday - Saturday & Holidays,Day Maximum (7am - 6pm),$19.00,Night Maximum (6pm - 7am),$8.00,,,,,yes,43.655987,-79.379443,292.30,-13.84,0,Sunday,Maximum (Sunday 7am - Monday 7am),$12.00,,,"Unreserved Monthly permit price - $360
Permits currently not available 
Inquires at monthlypermits@greenp.com or
416-393-7348",,,,,,,,,,,,,,,,,,,,,,,,,,,,,,,,
36,110 Queen Street West (Nathan Phillips Square Garage),43.651696,-79.383699,$2.50 / Half Hour,garage,Garage,false,2.50,2087,1.93,Bills,Coins,Charge (Visa / Mastercard / American Express Only),Credit Card at Entry & Exit,Cashier,,Monday - Friday,Day Maximum (7am - 6pm),$15.00,Night Maximum (6pm - 7am),$6.00,,,,,yes,43.651372,-79.384324,359.08,-4.94,0,Saturday,Day Maximum (7am - 6pm),$6.00,Night Maximum (6pm - 7am),$6.00,,,,,,,,,Sunday & Holidays,Maximum (7am - 7am),$6.00,,,Unreserved Monthly permit price - $270,Permits currently available,Inquires at monthlypermits@greenp.com or,416-393-7348,,,,,,,,,,,,,,,,
39,20 Castlefield Avenue,43.711828,-79.400082,$1.75 / Half Hour,surface,Surface,false,1.75,163,0.00,Bills,Coins,Charge (Visa / Mastercard / American Express Only),Pay at Exit Lane Stations,Credit Card at Entry & Exit,Cashier,Monday - Saturday,Day Maximum (7am - 6pm),$10.00,Night Maximum (6pm - 7am),$6.00,,,,,yes,43.711769,-79.399856,288.88,-10.04,0,Sunday & Holidays,Maximum (7am - 7am),$4.00,,,"Unreserved Monthly permit price - $165
Permits currently not available 
Inquires at monthlypermits@greenp.com or
416-393-7348",,,,,,,,,,,,,,,,,,,,,,,,,,,,,,,,
41,7 Norton Avenue,43.678365,-79.443882,$1.00 / Half Hour,surface,Surface,false,1.00,64,0.00,Coins,Charge (Visa / Mastercard / American Express Only),,Pay and Display,,,Monday - Sunday & Holidays,Day Maximum (7am - 6pm),$8.00,Night Maximum (6pm - 7am),$4.00,,,,,yes,43.678607,-79.443979,117.64,3.69,0,,,,,,,,,,,,,,,,,,,,,,,,,,,,,,,,,,,,,,
42,91 Via Italia,43.676817,-79.445239,$1.00 / Half Hour,garage,Garage,false,1.00,169,1.93,Bills,Coins,Charge (Visa / Mastercard / American Express Only),Auto Express Pay Stations,Credit Card at Entry & Exit,,Monday - Sunday & Holidays,Day Maximum (7am - 6pm),$5.00,Night Maximum (6pm - 7am),$3.00,Unreserved Monthly permit price - $75,Permits currently not available,Inquires at monthlypermits@greenp.com or,416-393-7348,yes,43.676657,-79.445339,16.18,1.73,0,,,,,,,,,,,,,,,,,,,,,,,,,,,,,,,,,,,,,,
43,2 Church Street (St. Lawrence Garage),43.646440,-79.373066,$2.50 / Half Hour,garage,Garage,false,2.50,2008,1.98,Bills,Coins,Charge (Visa / Mastercard / American Express Only),Auto Express Pay Stations,Credit Card at Entry & Exit,Customer Assistance Booth,Monday - Sunday & Holidays,Day Maximum (7am - 6pm),$10.00,Night Maximum (6pm - 7am),$5.00,,,,,yes,43.646949,-79.373181,172.09,-6.77,0,SATURDAY SPECIAL,,,,,$1.00 EACH HOUR FOR THE FIRST 2 HOURS - REGULAR RATES THEREAFTER,Unreserved Monthly permit price - $180,"Permits currently unavailable 
Inquires at monthlypermits@greenp.com or
416-393-7348",,,,,,,,,,,,,,,(ENTRY BETWEEN 5am - 6pm ONLY),,,,,,,,,,,,,,,
44,14 Fuller Avenue,43.640788,-79.439542,$0.75 / Half Hour,surface,Surface,false,0.75,53,2.13,Coins,Charge (Visa / Mastercard / American Express Only),,Pay and Display,,,Monday - Sunday & Holidays,Day Maximum (7am - 6pm),$3.00,Night Maximum (6pm - 7am),$2.00,"Unreserved Monthly permit price - $40
Permits currently available 
Inquires at monthlypermits@greenp.com or
416-393-7348",,,,yes,43.640585,-79.439274,299.87,-11.09,0,,,,,,,,,,,,,,,,,,,,,,,,,,,,,,,,,,,,,,
45,111 Broadview Avenue,43.659179,-79.349774,$1.00 / Half Hour,surface,Surface,false,1.00,92,2.60,Coins,Charge (Visa / Mastercard / American Express Only),,Pay and Display,,,Monday - Sunday & Holidays,Day Maximum (7am - 6pm),$6.00,Night Maximum (6pm - 7am),$4.00,"Unreserved Monthly permit price - $70
Permits currently available 
Inquires at monthlypermits@greenp.com or
416-393-7348",,,,yes,43.659055,-79.349893,18.05,3.82,0,,,,,,,,,,,,,,,,,,,,,,,,,,,,,,,,,,,,,,
47,125 Burnaby Blvd.,43.704445,-79.412076,$1.25 / Half Hour,surface,Surface,false,1.25,174,2.67,Coins,Charge (Visa / Mastercard / American Express Only),,Pay and Display,,,Monday - Sunday & Holidays,Day Maximum (7am - 6pm),$8.00,Night Maximum (6pm - 7am),$4.00,,,,,yes,43.704398,-79.411786,300.61,3.43,0,,,,,,,,,,,,,,,,,,,,,,,,,,,,,,,,,,,,,,
48,85 Lee Avenue,43.670037,-79.297621,$1.00 / Half Hour,surface,Surface,false,1.00,68,2.67,Coins,Charge (Visa / Mastercard / American Express Only),,Pay and Display,,,Monday - Sunday & Holidays,Day Maximum (7am - 6pm),$6.50,Night Maximum (6pm - 7am),$4.00,,,,,yes,43.669913,-79.297749,6.26,8.27,0,,,,,,,,,,,,,,,,,,,,,,,,,,,,,,,,,,,,,,
51,365 Lippincott Street,43.665054,-79.409662,$1.25 / Half Hour,surface,Surface,false,1.25,144,2.67,Coins,Charge (Visa / Mastercard / American Express Only),,Pay and Display,,,Monday - Sunday & Holidays,Day Maximum (7am - 6pm),$7.00,Night Maximum (6pm - 7am),$7.00,"Unreserved Monthly permit price - $110
Permits currently available 
Inquires at monthlypermits@greenp.com or
416-393-7348",,,,yes,43.664799,-79.409746,16.41,7.88,0,,,,,,,,,,,,,,,,,,,,,,,,,,,,,,,,,,,,,,
52,40 York Street,43.645571,-79.382937,$3.00 / Half Hour,garage,Garage,false,3.00,323,1.95,Bills,Coins,Charge (Visa / Mastercard / American Express Only),Pay at Exit Lane Stations,Credit Card at Entry & Exit,Cashier,Monday - Friday,Day Maximum (7am - 7pm),$18.00,Night Maximum (5pm - 7am),$6.00,,,,,yes,43.645805,-79.383737,169.83,-15.75,0,Saturday - Sunday,Maximum per 12 hour period (Sat 7am - Mon 7am),$7.00,,,Unreserved Monthly permit price - $350,Permits currently not available,Inquires at monthlypermits@greenp.com or,416-393-7348,,,,,,,,,,,,,,,,,,,,,,,,,,,,,
53,803 Richmond Street West,43.644546,-79.410778,$1.75 / Half Hour,surface,Surface,false,1.75,49,0.00,Coins,Charge (Visa / Mastercard / American Express Only),,Pay and Display,,,Monday - Sunday & Holidays,Day Maximum (7am - 6pm),$9.00,Night Maximum (6pm - 7am),$6.00,,,,,yes,43.644684,-79.410916,138.29,-3.34,0,,,,,,,,,,,,,,,,,,,,,,,,,,,,,,,,,,,,,,
55,23 Bedford Park Avenue West,43.726770,-79.404330,$1.00 / Half Hour,surface,Surface,false,1.00,42,0.00,Coins,Charge (Visa / Mastercard / American Express Only),,Pay and Display,,,Monday - Sunday & Holidays,Night Maximum (6pm - 9am),$3.00,,,,,,,yes,43.727065,-79.404618,121.70,-1.57,0,,,,,,,,,,,,,,,,,,,,,,,,,,,,,,,,,,,,,,
58,9 Bedford Road (Hotel Intercontinental),43.668655,-79.397475,$2.00 / Half Hour,garage,Garage,false,2.00,399,1.95,Bills,Coins,Charge (Visa / Mastercard / American Express Only),Pay at Exit Lane Stations,Credit Card at Entry & Exit,Cashier,Monday - Saturday,Day Maximum (7am - 6pm),$12.00,Night Maximum (6pm - 7 am),$6.00,,,,,yes,43.668582,-79.397604,10.67,4.71,0,Sunday & Holidays,Maximum per 12 hour period (Sun 7am - Mon 7am),$6.00,,,,,,,,,,,,,,,,,,,,,,,,,,,,,,,,,,,
62,1119 Queen Street West,43.642954,-79.424211,$1.50 / Half Hour,surface,Surface,false,1.50,29,0.00,Coins,Charge (Visa / Mastercard / American Express Only),,Pay and Display,,,Monday - Sunday & Holidays,Maximum (Any 12 hr Period),$10.50,,,,,,,yes,43.643050,-79.424344,99.35,-3.33,0,,,,,,,,,,,,,,,,,,,,,,,,,,,,,,,,,,,,,,
64,265 Durie Street,43.650881,-79.479014,$1.00 / Half Hour,surface,Surface,false,1.00,155,0.00,Coins,Charge (Visa / Mastercard / American Express Only),,Pay and Display,,,Monday - Sunday & Holidays,Day Maximum (9am - 6pm),$6.00,Night Maximum (6pm - 9am),$3.00,,,,,yes,43.650939,-79.479217,15.78,-1.28,0,,,,,,,,,,,,,,,,,,,,,,,,,,,,,,,,,,,,,,
68,20 St. Andrew Street (Kensington Garage),43.654303,-79.400079,$1.25 / Half Hour,garage,Garage,false,1.25,450,1.90,Bills,Coins,Charge (Visa / Mastercard / American Express Only),Auto Express Pay Stations,Credit Card at Entry & Exit,Customer Assistance Booth,Sunday - Friday & Holidays,Day Mximum (7am - 6pm),$5.50,Night Maximum (6pm - 7am),$4.00,,,,,yes,43.654219,-79.399523,286.22,-0.55,0,Saturday,Day Maximum (7am - 6pm),$6.00,Night Maximum (6pm - 7am),$4.00,,,,,,,,,,,,,,,,,,,,,,,,,,,,,,,,,
71,35 Bellevue Avenue,43.654184,-79.403176,$1.50 / Half Hour,surface,Surface,false,1.50,91,2.67,Coins,Charge (Visa / Mastercard / American Express Only),,Pay and Display,,,Monday - Friday,Day Maximum (7am - 6pm),$12.00,Night Maximum (6pm - 7am),$3.00,,,,,yes,43.654187,-79.403324,33.58,2.92,0,Saturday - Sunday & Holidays,Day Maximum (7am - 6pm),NO MAXIMUM,Night Maximum (6pm - 7am),$3.00,,,,,,,,,,,,,,,,,,ATTENDED ON SATURDAY - CASH ONLY,,,,,,,,,,,,,,,
78,35 Erindale Avenue,43.677316,-79.357467,$1.50 / Half Hour,surface,Surface,false,1.50,93,0.00,Coins,Charge (Visa / Mastercard / American Express Only),,Pay and Display,,,Monday - Sunday & Holidays,Day Maximum (7am - 6pm),$9.00,Night Maximum (6pm - 7am),$4.00,,,,,yes,43.677441,-79.357920,106.20,3.34,0,,,,,,,,,,,,,,,,,,,,,,,,,,,,,,,,,,,,,,
79,405 Sherbourne Street,43.664520,-79.373502,$1.00 / Half Hour,surface,Surface,false,1.00,110,0.00,Coins,Charge (Visa / Mastercard / American Express Only),,Pay and Display,,,Monday - Sunday,Day Maximum (7am - 6pm),$6.00,Night Maximum (6pm - 7am),$4.00,,,,,yes,43.664658,-79.373660,84.65,-2.17,0,Monday - Thursday,Night Maximum (8pm - 7am),$8.00,,,,,,,,,,,Friday - Sunday,Flat Rate (8pm - 7am),$8.00,,,,,,,,,,,,,,,,,,,,,,
80,400 Keele Street,43.666110,-79.465045,$1.00 / Half Hour,surface,Surface,false,1.00,54,0.00,Coins,Charge (Visa / Mastercard / American Express Only),,Pay and Display,,,Monday - Sunday & Holidays,Day Maximum (7am - 6pm),$4.00,Night Maximum (6pm - 7am),$3.00,,,,,yes,43.666133,-79.464847,226.34,1.93,0,,,,,,,,,,,,,,,,,,,,,,,,,,,,,,,,,,,,,,
81,695 Lansdowne Avenue,43.658969,-79.442739,$1.00 / Half Hour,surface,Surface,false,1.00,40,0.00,Coins,Charge (Visa / Mastercard / American Express Only),,Pay and Display,,,Monday - Sunday & Holidays,Day Maximum (7am - 6pm),$4.00,Night Maximum (6pm - 7am),$3.00,,,,,yes,43.659089,-79.442998,36.53,-0.99,0,,,,,,,,,,,,,,,,,,,,,,,,,,,,,,,,,,,,,,
82,92 Margueretta Avenue,43.659412,-79.440143,$1.00 / Half Hour,surface,Surface,false,1.00,56,0.00,Coins,Charge (Visa / Mastercard / American Express Only),,Pay and Display,,,Monday - Sunday & Holidays,Day Maximum (7am - 6pm),$4.00,Night Maximum (6pm - 7am),$3.00,,,,,yes,43.659416,-79.439896,294.99,5.03,0,,,,,,,,,,,,,,,,,,,,,,,,,,,,,,,,,,,,,,
84,9 Salem Avenue,43.661011,-79.431667,$1.00 / Half Hour,surface,Surface,false,1.00,35,0.00,Coins,Charge (Visa / Mastercard / American Express Only),,Pay and Display,,,Monday - Sunday & Holidays,Day Maximum (7am - 6pm),$4.00,Night Maximum (6pm - 7am),$3.00,,,,,yes,43.661135,-79.431817,54.06,9.53,0,,,,,,,,,,,,,,,,,,,,,,,,,,,,,,,,,,,,,,
85,557 Palmerston Avenue,43.665039,-79.413579,$1.25 / Half Hour,surface,Surface,false,1.25,58,0.00,Coins,Charge (Visa / Mastercard / American Express Only),,Pay and Display,,,Monday - Sunday & Holidays,Day Maximum (7am - 6pm),$7.00,Night Maximum (6pm - 7am),$4.00,,,,,yes,43.665116,-79.413817,41.06,3.83,0,,,,,,,,,,,,,,,,,,,,,,,,,,,,,,,,,,,,,,
87,14 Arundel Avenue,43.678456,-79.351223,$1.25 / Half Hour,surface,Surface,false,1.25,83,0.00,Coins,Charge (Visa / Mastercard / American Express Only),,Pay and Display,,,Monday - Sunday & Holidays,Day Maximum (7am - 6pm),$7.00,Night Maximum (6pm - 7am),$6.00,,,,,yes,43.678635,-79.351051,224.34,0.17,0,,,,,,,,,,,,,,,,,,,,,,,,,,,,,,,,,,,,,,
88,25 Ferrier Avenue,43.679007,-79.348379,$1.00 / Half Hour,surface,Surface,false,1.00,47,0.00,Coins,Charge (Visa / Mastercard / American Express Only),,Pay and Display,,,Monday - Sunday & Holidays,Day Maximum (7am - 6pm),$7.00,Night Maximum (6pm - 7am),$6.00,,,,,yes,43.678964,-79.348556,27.42,1.62,0,,,,,,,,,,,,,,,,,,,,,,,,,,,,,,,,,,,,,,
89,20 Eaton Avenue,43.679954,-79.343948,$0.75 / Half Hour,surface,Surface,false,0.75,70,0.00,Coins,Charge (Visa / Mastercard / American Express Only),,Pay and Display,,,Monday - Sunday & Holidays,Day Maximum (7am - 6pm),$4.50,Night Maximum (6pm - 7am),$3.00,,,,,yes,43.679838,-79.344392,42.42,0.91,0,,,,,,,,,,,,,,,,,,,,,,,,,,,,,,,,,,,,,,
90,17 Eaton Avenue,43.680078,-79.343197,$0.75 / Half Hour,surface,Surface,false,0.75,30,,Coins,Charge (Visa / Mastercard / American Express Only),,Pay and Display,,,Monday - Sunday & Holidays,Day Maximum (7am - 6pm),$4.50,Night Maximum (6pm - 7am),$3.00,,,,,yes,43.679992,-79.343341,28.30,8.62,0,,,,,,,,,,,,,,,,,,,,,,,,,,,,,,,,,,,,,,
91,265 Armadale Avenue,43.650283,-79.483039,$1.00 / Half Hour,surface,Surface,false,1.00,148,0.00,Coins,Charge (Visa / Mastercard / American Express Only),,Pay and Display,,,Monday - Sunday & Holidays,Day Maximum (9am - 6pm),$6.00,Night Maximum (6pm - 9am),$3.00,,,,,yes,43.650225,-79.483148,15.93,7.05,0,,,,,,,,,,,,,,,,,,,,,,,,,,,,,,,,,,,,,,
93,675 Manning Avenue,43.664651,-79.416014,$1.25 / Half Hour,surface,Surface,false,1.25,52,0.00,Coins,Charge (Visa / Mastercard / American Express Only),,Pay and Display,,,Monday - Sunday & Holidays,Day Maximum (7am - 6pm),$6.50,Night Maximum (6pm - 7am),$3.00,,,,,yes,43.664548,-79.416183,13.73,3.10,0,,,,,,,,,,,,,,,,,,,,,,,,,,,,,,,,,,,,,,
104,"745 Ossington Avenue, 16 Carling Avenue",43.662431,-79.425648,$1.00 / Half Hour,surface,Surface,false,1.00,45,0.00,Coins,Charge (Visa / Mastercard / American Express Only),,Pay and Display,,,Monday - Sunday & Holidays,Day Maximum (7am - 6pm),$4.00,Night Maximum (6pm - 7am),$3.00,,,,,yes,43.662413,-79.425823,26.59,-2.60,0,,,,,,,,,,,,,,,,,,,,,,,,,,,,,,,,,,,,,,
106,15 Denison Avenue,43.648412,-79.400307,$2.00 / Half Hour,surface,Surface,false,2.00,120,0.00,Coins,Charge (Visa / Mastercard / American Express Only),,Pay and Display,,,Monday - Sunday & Holidays,Day Maximum (7am - 6pm),$10.00,Night Maximum (6pm - 7am),$6.00,,,,,yes,43.648406,-79.399782,303.27,-3.47,0,,,,,,,,,,,,,,,,,,,,,,,,,,,,,,,,,,,,,,
107,251 MacPherson Avenue,43.677378,-79.400350,$1.00 / Half Hour,surface,Surface,false,1.00,40,0.00,Coins,Charge (Visa / Mastercard / American Express Only),,Pay and Display,,,Monday - Sunday & Holidays,Day Maximum (7am - 6pm),$9.00,Night Maximum (6pm - 7am),$3.00,,,,,yes,43.677344,-79.400682,98.53,-5.61,0,,,,,,,,,,,,,,,,,,,,,,,,,,,,,,,,,,,,,,
109,51 Aberdeen Avenue,43.664703,-79.369050,$1.50 / Half Hour,surface,Surface,false,1.50,35,0.00,Coins,Charge (Visa / Mastercard / American Express Only),,Pay and Display,,,Monday - Sunday & Holidays,Day Maximum (7am - 6pm),$6.50,Night Maximum (6pm - 7am),$5.00,,,,,yes,43.664939,-79.368760,226.53,-3.77,0,,,,,,,,,,,,,,,,,,,,,,,,,,,,,,,,,,,,,,
110,1612 Danforth Avenue,43.683577,-79.322995,$1.00 / Half Hour,surface,Surface,false,1.00,25,0.00,Coins,Charge (Visa / Mastercard / American Express Only),,Pay and Display,,,Monday - Sunday & Holidays,Day Maximum (7am - 6pm),$6.00,Night Maximum (6pm - 7am),$3.00,,,,,yes,43.683601,-79.322614,294.61,1.42,0,,,,,,,,,,,,,,,,,,,,,,,,,,,,,,,,,,,,,,
111,74 Clinton Street,43.656159,-79.414480,$1.25 / Half Hour,garage,Garage,false,1.25,79,1.93,Coins,Charge (Visa / Mastercard / American Express Only),,Pay and Display,,,Sunday - Thursday,Day Maximum (7am - 6pm),$7.00,Night Maximum (6pm - 7am),$8.00,,,,,yes,43.655994,-79.414178,264.30,-3.91,0,Friday - Saturday,Day Maximum (7am - 6pm),$7.00,Night Maximum (6pm - 7am),$10.00,,,,,,,,,,,,,,,,,,,,,,,,,,,,,,,,,
116,255 Kennedy Avenue,43.651680,-79.475119,$1.25 / Half Hour,surface,Surface,false,1.25,56,0.00,Coins,Charge (Visa / Mastercard / American Express Only),,Pay and Display,,,Monday - Sunday & Holidays,Day Maximum (7am - 6pm),$8.00,Night Maximum (6pm - 7am),$4.00,,,,,yes,43.651747,-79.475250,44.12,7.05,0,,,,,,,,,,,,,,,,,,,,,,,,,,,,,,,,,,,,,,
125,323 Richmond Street East,43.653381,-79.368582,$2.00 / Half Hour,garage,Garage,false,2.00,258,1.93,Bills,Coins,Charge (Visa / Mastercard / American Express Only),Auto Express Pay Stations,Credit Card at Entry & Exit,,Monday - Sunday & Holidays,Day Maximum (7am - 6pm),$13.00,Night Maximum (6pm - 7am),$6.00,,,,,yes,43.653570,-79.368281,125.45,-4.07,0,,,,,,,,,,,,,,,,,,,,,,,,,,,,,,,,,,,,,,
130,7 Bartlett Avenue,43.660899,-79.433013,$1.00 / Half Hour,surface,Surface,false,1.00,38,0.00,Coins,Charge (Visa / Mastercard / American Express Only),,Pay and Display,,,Monday - Sunday & Holidays,Day Maximum (7am - 6pm),$4.00,Night Maximum (6pm - 7am),$3.00,,,,,yes,43.660855,-79.433081,19.14,-0.11,0,,,,,,,,,,,,,,,,,,,,,,,,,,,,,,,,,,,,,,
131,912 Eglinton Avenue West,43.700543,-79.428073,$1.25 / Half Hour,surface,Surface,false,1.25,28,0.00,Coins,Charge (Visa / Mastercard / American Express Only),,Pay and Display,,,Monday - Sunday & Holidays,Day Maximum (7am - 6pm),$10.00,Night Maximum (6pm - 7am),$5.00,,,,,yes,43.700541,-79.427725,327.27,2.95,0,,,,,,,,,,,,,,,,,,,,,,,,,,,,,,,,,,,,,,
137,77 Gough Avenue,43.679481,-79.346287,$1.00 / Half Hour,surface,Surface,false,1.00,17,0.00,Coins,Charge (Visa / Mastercard / American Express Only),,Pay and Display,,,Monday - Sunday & Holidays,Day Maximum (7am -6pm),$7.00,Night Maximum (6pm - 7am),$6.00,,,,,yes,43.679362,-79.346356,28.20,2.12,0,,,,,,,,,,,,,,,,,,,,,,,,,,,,,,,,,,,,,,
139,6 Sherwood Avenue,43.713751,-79.399213,$1.25 / Half Hour,surface,Surface,false,1.25,46,2.00,Coins,Charge (Visa / Mastercard / American Express Only),,Pay and Display,,,Monday - Friday,Day Maximum (7am - 6pm),$7.00,Night Maximum (6pm - 7am),$5.00,,,,,yes,43.713657,-79.399078,357.11,-0.38,0,Saturday - Sunday & Holidays,Day Maximum (7am - 6pm),NO MAXIMUM,Night Maximum (6pm - 7am),$5.00,,,,,,,,,,,,,,,,,,,,,,,,,,,,,,,,,
141,141 Greenlaw Avenue,43.676198,-79.447739,$1.00 / Half Hour,surface,Surface,false,1.00,53,0.00,Coins,Charge (Visa / Mastercard / American Express Only),,Pay and Display,,,Monday - Sunday & Holidays,Day Maximum (7am - 6pm),$4.00,Night Maximum (6pm - 7am),$3.00,,,,,yes,43.676425,-79.447945,132.03,0.00,0,,,,,,,,,,,,,,,,,,,,,,,,,,,,,,,,,,,,,,
142,31 Langford Avenue,43.680613,-79.340751,$0.75 / Half Hour,surface,Surface,false,0.75,27,0.00,Coins,Charge (Visa / Mastercard / American Express Only),,Pay and Display,,,Monday - Sunday & Holidays,Day Maximum (7am - 6pm),$4.00,Night Maximum (6pm - 7am),$3.00,,,,,yes,43.680567,-79.340894,32.56,1.54,0,,,,,,,,,,,,,,,,,,,,,,,,,,,,,,,,,,,,,,
143,265 Willard Avenue,43.650431,-79.481771,$1.00 / Half Hour,surface,Surface,false,1.00,88,0.00,Coins,Charge (Visa / Mastercard / American Express Only),,Pay and Display,,,Monday - Sunday & Holidays,Day Maximum (9am - 6pm),$6.00,Night Maximum (6pm - 9am),$3.00,,,,,yes,43.650319,-79.481894,26.30,0.47,0,,,,,,,,,,,,,,,,,,,,,,,,,,,,,,,,,,,,,,
144,376 Clinton Street,43.664441,-79.417580,$1.25 / Half Hour,surface,Surface,false,1.25,33,0.00,Coins,Charge (Visa / Mastercard / American Express Only),,Pay and Display,,,Monday - Sunday & Holidays,Day Maximum (7am - 6pm),$8.00,Night Maximum (6pm - 7am),$3.00,,,,,yes,43.664204,-79.417300,294.57,1.32,0,,,,,,,,,,,,,,,,,,,,,,,,,,,,,,,,,,,,,,
146,573 Gerrard Street East,43.665202,-79.353164,$1.00 / Half Hour,surface,Surface,false,1.00,37,0.00,Coins,Charge (Visa / Mastercard / American Express Only),,Pay and Display,,,Monday - Friday,Day Maximum (7am - 6pm),$5.00,Night Maximum (6pm - 7am),$3.00,,,,,yes,43.665373,-79.353150,182.67,-1.62,0,Saturday - Sunday & Holidays,Day Maximum (7am - 6pm),NO MAXIMUM,Night Maximum (6pm - 7am),$3.00,,,,,,,,,,,,,,,,,,,,,,,,,,,,,,,,,
149,12 Woodycrest Avenue,43.680350,-79.342339,$0.75 / Half Hour,surface,Surface,false,0.75,35,,Coins,Charge (Visa / Mastercard / American Express Only),,Pay and Display,,,Monday - Sunday & Holidays,Day Maximum (7am - 6pm),$3.50,Night Maximum (6pm - 7am),$3.00,,,,,yes,43.680386,-79.342097,256.60,2.00,0,,,,,,,,,,,,,,,,,,,,,,,,,,,,,,,,,,,,,,
152,25 Glenforest Road,43.730266,-79.402734,$1.25 / Half Hour,surface,Surface,false,1.25,26,0.00,Coins,Charge (Visa / Mastercard / American Express Only),,Pay and Display,,,Monday - Sunday & Holidays,Day Maximum (7am - 6pm),NO MAXIMUM,Night Maximum (6pm - 9am),$5.00,,,,,yes,43.730480,-79.402570,196.51,-0.55,0,,,,,,,,,,,,,,,,,,,,,,,,,,,,,,,,,,,,,,
155,995 Eglinton Avenue West,43.699612,-79.431131,$1.00 / Half Hour,surface,Surface,false,1.00,33,0.00,Coins,Charge (Visa / Mastercard / American Express Only),,Pay and Display,,,Monday - Sunday & Holidays,Day Maximum (7am - 6pm),$5.00,Night Maximum (6pm - 7am),$5.00,,,,,yes,43.699784,-79.431166,125.65,-2.89,0,,,,,,,,,,,,,,,,,,,,,,,,,,,,,,,,,,,,,,
156,18 Ferrier Avenue,43.678945,-79.348798,$1.00 / Half Hour,surface,Surface,false,1.00,23,0.00,Coins,Charge (Visa / Mastercard / American Express Only),,Pay and Display,,,Monday - Sunday & Holidays,Day Maximum (7am - 6pm),$7.00,Night Maximum (6pm - 6am),$6.00,,,,,yes,43.678863,-79.348518,18.79,4.82,0,,,,,,,,,,,,,,,,,,,,,,,,,,,,,,,,,,,,,,
157,709 Millwood Road,43.704181,-79.374053,$1.25 / Half Hour,garage,Garage,false,1.25,20,1.98,Coins,Charge (Visa / Mastercard / American Express Only),,Pay and Display,,,Monday - Sunday & Holidays,Day Maximum (7am - 6pm),$7.00,Night Maximum (6pm - 7am),$4.00,,,,,yes,43.704360,-79.374136,216.07,-4.67,0,,,,,,,,,,,,,,,,,,,,,,,,,,,,,,,,,,,,,,
158,1325 Queen Street West,43.640950,-79.433856,$1.00 / Half Hour,surface,Surface,false,1.00,32,0.00,Coins,Charge (Visa / Mastercard / American Express Only),,Pay and Display,,,Monday - Sunday & Holidays,Day Maximum (7am - 6pm),$6.00,Night Maximum (6pm - 7am),$4.00,,,,,yes,43.641177,-79.433772,157.14,-8.44,0,,,,,,,,,,,,,,,,,,,,,,,,,,,,,,,,,,,,,,
161,30 St. Clair Avenue West,43.688007,-79.395468,$2.00 / Half Hour,garage,Garage,false,2.00,173,,Bills,Coins,Charge (Visa / Mastercard / American Express Only),Credit Card at Entry & Exit,Cashier,,Monday - Saturday,Day Maximum (7am - 6pm),$20.00,Night Maximum (6pm - 7am),$5.00,,,,,yes,43.687912,-79.395382,328.59,-6.83,0,Sunday & Holidays,,,,,CLOSED,,,,,,,,,,,,,,,,,Daily Hours of Operation (6:30am - 1:30am),,,,,,,,,,,,,,,
164,453 Spadina Road,43.689543,-79.412946,$1.25 / Half Hour,surface,Surface,false,1.25,43,0.00,Coins,Charge (Visa / Mastercard / American Express Only),,Pay and Display,,,Monday - Sunday & Holidays,Day Maximum (7am - 6pm),$10.00,Night Maximum (6pm - 7am),$5.00,,,,,yes,43.689450,-79.412884,15.26,6.69,0,,,,,,,,,,,,,,,,,,,,,,,,,,,,,,,,,,,,,,
167,18 Ossington Avenue,43.644655,-79.419286,$1.00 / Half Hour,surface,Surface,false,1.00,20,0.00,Coins,Charge (Visa / Mastercard / American Express Only),,Pay and Display,,,Monday - Sunday & Holidays,Day Maximum (7am - 6pm),$8.00,Night Maximum (6pm - 7am),$5.00,,,,,yes,43.644758,-79.419072,277.89,4.42,0,,,,,,,,,,,,,,,,,,,,,,,,,,,,,,,,,,,,,,
168,146 Harrison Street,43.650423,-79.424404,$1.00 / Half Hour,surface,Surface,false,1.00,47,0.00,Coins,Charge (Visa / Mastercard / American Express Only),,Pay and Display,,,Monday - Sunday & Holidays,Day Maximum (7am - 6pm),$6.00,Night Maximum (6pm - 7am),$4.00,,,,,yes,43.650391,-79.424356,8.18,-7.86,0,,,,,,,,,,,,,,,,,,,,,,,,,,,,,,,,,,,,,,
170,17 Hammersmith Avenue,43.671597,-79.294446,$1.00 / Half Hour,surface,Surface,false,1.00,30,0.00,Coins,Charge (Visa / Mastercard / American Express Only),,Pay and Display,,,Monday - Sunday & Holidays,Day Maximum (7am - 6pm),$6.00,Night Maximum (6pm - 7am),$4.00,,,,,yes,43.671538,-79.294560,25.35,-4.20,0,,,,,,,,,,,,,,,,,,,,,,,,,,,,,,,,,,,,,,
171,730 Mt. Pleasant Road,43.706702,-79.389750,$1.25 / Half Hour,garage,Garage,false,1.25,53,2.10,Bills,Coins,Charge (Visa / Mastercard / American Express Only),Auto Express Pay Stations,Credit Card at Entry & Exit,,Monday - Sunday & Holidays,Day Maximum (7am - 6pm),$8.00,Night Maximum (6pm - 7am),$6.00,,,,,yes,43.706773,-79.389519,287.53,-5.23,0,,,,,,,,,,,,,,,,,,,,,,,,,,,,,,,,,,,,,,
173,737 Rhodes Avenue,43.682926,-79.324476,$1.00 / Half Hour,surface,Surface,false,1.00,24,,Coins,Charge (Visa / Mastercard / American Express Only),,Pay and Display,,,Monday - Sunday & Holidays,Day Maximum (7am - 6pm),$6.00,Night Maximum (6pm - 7am),$3.00,,,,,yes,43.682676,-79.324554,17.35,-1.83,0,,,,,,,,,,,,,,,,,,,,,,,,,,,,,,,,,,,,,,
174,151 Hiawatha Road,43.672598,-79.322941,$1.00 / Half Hour,surface,Surface,false,1.00,50,0.00,Coins,Charge (Visa / Mastercard / American Express Only),,Pay and Display,,,Monday - Sunday & Holidays,Day Maximum (7am - 6pm),$6.00,Night Maximum (6pm - 7am),$5.00,,,,,yes,43.672572,-79.323107,80.36,-1.87,0,,,,,,,,,,,,,,,,,,,,,,,LABOUR DAY - JUNE 30: PARKING ENFORCED FROM FRIDAY 6PM - MONDAY 7AM,JUNE 30 - LABOUR DAY: PARKING ENFORCED MONDAY - SUNDAY & HOLIDAYS,,,,,,,,,,,,,,
178,650 Mt. Pleasant Road,43.704763,-79.388956,$1.25 / Half Hour,garage,Garage,false,1.25,68,2.10,Coins,Charge (Visa / Mastercard / American Express Only),,Pay and Display,,,Monday - Sunday & Holidays,Day Maximum (7am - 6pm),$7.00,Night Maximum (6pm - 7am),$6.00,,,,,yes,43.704797,-79.388733,281.83,-6.54,0,,,,,,,,,,,,,,,,,,,,,,,,,,,,,,,,,,,,,,
179,653 Gerrard Street East,43.665784,-79.350195,$1.00 / Half Hour,surface,Surface,false,1.00,25,2.15,Coins,Charge (Visa / Mastercard / American Express Only),,Pay and Display,,,Monday - Friday,Day Maximum (7am - 6pm),$6.00,Night Maximum (6pm - 7am),$4.00,,,,,yes,43.666012,-79.350128,124.91,0.81,0,Saturday - Sunday & Holidays,Day Maximum (7am - 6pm),NO MAXIMUM,Night Maximum (6pm - 7am),$4.00,,,,,,,,,,,,,,,,,,,,,,,,,,,,,,,,,
180,268 Rhodes Ave,43.672047,-79.320366,$0.75 / Half Hour,surface,Surface,false,0.75,41,2.15,Coins,Charge (Visa / Mastercard / American Express Only),,Pay and Display,,,Monday - Friday ,Day Maximum (7am - 6pm),$4.00,Night Maximum (6pm - 7am),$4.00,,,,,yes,43.672035,-79.321050,105.63,7.34,0,Saturday - Sunday & Holidays,Day Maximum (7am - 6pm),NO MAXIMUM,Night Maximum (6pm - 7am),$4.00,,,,,,,,,,,,,,,,,,,,,,,,,,,,,,,,,
181,1155 King Street West,43.637863,-79.424011,$1.50 / Half Hour,surface,Surface,false,1.50,329,0.00,Coins,Charge (Visa / Mastercard / American Express Only),,Pay and Display,,,Monday - Sunday & Holidays,Day Maximum (7am - 6pm),$10.00,Night Maximum (6pm - 7am),$5.00,,,,,yes,43.637729,-79.424174,61.35,-4.60,0,,,,,,,,,,,,,,,,,,,,,,,Event Rate in effect when attended by a Cashier,,Event Rate,$10.00,,,,,,,,,,,,
184,192 Boardwalk Dr,43.668004,-79.307384,$0.75 / Half Hour,surface,Surface,false,0.75,24,0.00,Coins,Charge (Visa / Mastercard / American Express Only),,Pay and Display,,,Monday - Sunday & Holidays,Day Maximum (7am - 6pm),$4.00,Night Maximum (6pm - 7am),$3.00,,,,,yes,43.668162,-79.306778,215.50,4.12,0,,,,,,,,,,,,,,,,,,,,,,,,,,,,,,,,,,,,,,
185,116 Joseph Duggan Rd,43.667724,-79.308522,$0.75 / Half Hour,surface,Surface,false,0.75,24,0.00,Coins,Charge (Visa / Mastercard / American Express Only),,Pay and Display,,,Monday - Sunday & Holidays,Day Maximum (7am - 6pm),$4.00,Night Maximum (6pm - 7am),$3.00,,,,,,,,,,,,,,,,,,,,,,,,,,,,,,,,,,,,,,,,,,,,,,,,
186,118 Sarah Ashbridge Ave,43.667445,-79.309487,$0.75 / Half Hour,surface,Surface,false,0.75,24,0.00,Coins,Charge (Visa / Mastercard / American Express Only),,Pay and Display,,,Monday - Sunday & Holidays,Day Maximum (7am - 6pm),$4.00,Night Maximum (6pm - 7am),$3.00,,,,,yes,43.667681,-79.309067,213.90,0.03,0,,,,,,,,,,,,,,,,,,,,,,,,,,,,,,,,,,,,,,
188,157 Beatrice Street,43.654669,-79.416411,$1.25 / Half Hour,surface,Surface,false,1.25,18,2.00,Coins,Charge (Visa / Mastercard / American Express Only),,Pay and Display,,,Monday - Sunday & Holidays,Day Maximum (7am - 6pm),$9.00,Night Maximum (6pm - 7am),$8.00,,,,,yes,43.654524,-79.416506,19.58,-2.16,0,,,,,,,,,,,,,,,,,,,,,,,,,,,,,,,,,,,,,,
204,1117 Dundas Street West,43.649267,-79.420135,$1.00 / Half Hour,surface,Surface,false,1.00,37,0.00,Coins,Charge (Visa / Mastercard / American Express Only),,Pay and Display,,,Monday - Sunday & Holidays,Day Maximum (7am - 6pm),$6.50,Night Maximum (6pm - 7am),$4.00,,,,,yes,43.649443,-79.420163,152.88,-1.42,0,,,,,,,,,,,,,,,,,,,,,,,,,,,,,,,,,,,,,,
205,465 Huron Street,43.667778,-79.401648,$1.75 / Half Hour,surface,Surface,false,1.75,20,0.00,Coins,Charge (Visa / Mastercard / American Express Only),,Pay and Display,,,Monday - Sunday & Holidays,Day Maximum (7am - 6pm),$10.00,Night Maximum (6pm - 7am),$6.00,,,,,yes,43.667853,-79.401809,58.88,-6.10,0,,,,,,,,,,,,,,,,,,,,,,,,,,,,,,,,,,,,,,
400,10 Kingsdale Avenue,43.770373,-79.412570,$1.25 / Half Hour,surface,Surface,false,1.25,50,0.00,Coins,Charge (Visa / Mastercard / American Express Only),,Pay and Display,,,Monday - Sunday & Holidays,Day Maximum (5am - 7pm),$10.00,Night Maximum (7pm - 5am),$5.00,,,,,yes,43.770288,-79.412570,27.03,-12.24,0,,,,,,,,,,,,,,,,,,,,,,,,,,,,,,,,,,,,,,
401,246 Brooke Avenue,43.733158,-79.420295,$1.00 / Half Hour,surface,Surface,false,1.00,97,0.00,Coins,Charge (Visa / Mastercard / American Express Only),,Pay and Display,,,Monday - Sunday & Holidays,Day Maximum (7 am - 6 pm),$7.00,Night Maximum (6 pm - 7 am),$4.50,,,,,yes,43.733084,-79.420221,4.68,-1.72,0,,,,,,,,,,,,,,,,,,,,,,,,,,,,,,,,,,,,,,
271,800 Fleet Street,43.636821,-79.409705,$1.00 / Half Hour,surface,Surface,false,1.00,132,0.00,Coins,Charge (Visa / Mastercard / American Express Only),,Pay and Display,,,Monday - Sunday,Day Maximum (7am - 7am),$8.00,,,,,,,yes,43.636819,-79.409869,95.13,1.90,0,,,,,,,,,,,,,,,,,,,,,,,ATTENDED DURING EVENTS - EVENT RATE TO BE DETERMINED ON AN EVENT BY EVENT BASIS,,,,,,,,,,,,,,,
402,10 Empress Avenue,43.769459,-79.412484,$1.75 / Half Hour,surface,Surface,false,1.75,68,0.00,Coins,Charge (Visa / Mastercard / American Express Only),,Pay and Display,,,Monday - Sunday & Holidays,Day Maximum (5am - 7pm),$13.00,Night Maximum (7pm - 5am),$6.00,,,,,yes,43.769440,-79.412243,343.64,-5.37,0,,,,,,,,,,,,,,,,,,,,,,,,,,,,,,,,,,,,,,
403,10 Harlandale Avenue,43.762168,-79.412441,$2.00 / Half Hour,surface,Surface,false,2.00,112,0.00,Coins,Charge (Visa / Mastercard / American Express Only),,Pay and Display,,,Monday - Sunday & Holidays,Day Maximum (7am - 6pm),$14.00,Night Maximum (6pm - 7am),$7.00,,,,,,,,,,,,,,,,,,,,,,,,,,,,,,,,,,,,,,,,,,,,,,,,
404,95 Beecroft Road,43.763594,-79.414051,$1.75 / Half Hour,garage,Garage,false,1.75,387,1.93,Bills,Coins,Charge (Visa / Mastercard / American Express Only),Pay at Exit Lane Stations,Credit Card at Entry & Exit,Pay and Display,Monday - Sunday & Holidays (Attended),Day Maximum (5am - 7pm),$10.00,Night Maximum (7pm - 5am),$5.00,,,,,yes,43.763531,-79.414176,26.30,-3.91,0,Monday - Friday (Unattended),Day Maximum (5am - 7pm),NO MAXIMUM,Night Maximum (7pm - 5am),$5.00,,,,,,,,Cashier,Saturday - Sunday & Holidays (Unattended),Day Maximum (5am - 7pm),$9.00,Night Maximum (7pm - 5am),$5.00,,,,,,,UPPER LEVEL,,LOWER LEVELS,,Monday - Sundays & Holidays (Unattended),Day Maximum (5am - 7pm),$10.00,Night Maximum (7pm - 5am),$5.00,,,,,
410,180 Beecroft Road,43.767569,-79.416143,$1.50 / Half Hour,surface,Surface,false,1.50,173,0.00,Bills,Coins,Charge (Visa / Mastercard / American Express Only),Auto Express Pay Stations,Credit Card at Entry & Exit,,Monday - Sunday & Holidays,Day Maximum (5am - 7pm),$10.00,Night Maximum (7pm - 5am),$3.00,,,,,yes,43.767449,-79.415862,270.15,-9.76,0,,,,,,,,,,,,,,,,,,,,,,,,,,,,,,,,,,,,,,
411,1880 Avenue Road,43.732182,-79.419576,$1.00 / Half Hour,surface,Surface,false,1.00,32,0.00,Coins,Charge (Visa / Mastercard / American Express Only),,Pay and Display,,,Monday - Sunday & Holidays,Day Maximum (7am - 6pm),$7.00,Night Maximum (6pm - 7am),$4.00,,,,,yes,43.732416,-79.419434,227.03,-3.71,0,,,,,,,,,,,,,,,,,,,,,,,,,,,,,,,,,,,,,,
412,11 Finch West,43.779321,-79.416572,$1.50 / Half Hour,surface,Surface,false,1.50,62,0.00,Coins,Charge (Visa / Mastercard / American Express Only),,Pay and Display,,,Monday - Sunday & Holidays,Day Maximum (5am - 7pm),$11.00,Night Maximum (7pm - 5am),$5.00,,,,,yes,43.779551,-79.416615,164.66,-0.26,0,,,,,,,,,,,,,,,,,,,,,,,,,,,,,,,,,,,,,,
413,4576 Yonge Street,43.756023,-79.410403,$1.50 / Half Hour,surface,Surface,false,1.50,17,0.00,Coins,Charge (Visa / Mastercard / American Express Only),,Pay and Display,,,Monday - Friday,Day Maximum (5am - 7pm),$9.00,Night Maximum (7pm - 5am),$3.00,,,,,yes,43.756266,-79.410608,154.33,-7.27,0,Saturday & Sunday,Day Maximum (5am - 7pm),$3.00,Night Maximum (7pm - 5am),$3.00,,,,,,,,,,,,,,,,,,,,,,,,,,,,,,,,,
418,68 Sheppard Avenue West,43.760820,-79.414662,$1.00 / Half Hour,surface,Surface,false,1.00,34,2.15,Coins,Charge (Visa / Mastercard / American Express Only),,Pay and Display,,,Monday - Sunday & Holidays,Day Maximum (7am - 6pm),$10.00,Night Maximum (6pm - 7am),$3.00,,,,,yes,43.760722,-79.414524,349.63,-10.49,0,,,,,,,,,,,,,,,,,,,,,,,,,,,,,,,,,,,,,,
500,7 Jackson Avenue,43.648474,-79.508958,$1.00 / Half Hour,surface,Surface,false,1.00,40,0.00,Coins,Charge (Visa / Mastercard / American Express Only),,Pay and Display,,,Monday - Sunday & Holidays,Day Maximum (9am - 6pm),$7.00,Night Maximum (6pm - 9am),$3.00,,,,,yes,43.648351,-79.508854,6.73,2.16,0,,,,,,,,,,,,,,,,,,,,,,,,,,,,,,,,,,,,,,
501,11 Grenview Blvd. N.,43.648738,-79.507853,$1.00 / Half Hour,surface,Surface,false,1.00,59,0.00,Coins,Charge (Visa / Mastercard / American Express Only),,Pay and Display,,,Monday - Sunday & Holidays,Day Maximum (9am - 6pm),$7.00,Night Maximum (6pm - 9am),$3.00,,,,,yes,43.648768,-79.508016,80.91,5.04,0,,,,,,,,,,,,,,,,,,,,,,,,,,,,,,,,,,,,,,
502,342 Prince Edward Drive,43.649142,-79.505889,$1.00 / Half Hour,surface,Surface,false,1.00,21,0.00,Coins,Charge (Visa / Mastercard / American Express Only),,Pay and Display,,,Monday - Sunday & Holidays,Day Maximum (7am - 6pm),$7.00,Night Maximum (6pm - 7am),$3.00,,,,,yes,43.649251,-79.505673,254.30,1.60,0,,,,,,,,,,,,,,,,,,,,,,,,,,,,,,,,,,,,,,
503,12 Willingdon Blvd.,43.648389,-79.510632,$1.00 / Half Hour,surface,Surface,false,1.00,65,0.00,Coins,Charge (Visa / Mastercard / American Express Only),,Pay and Display,,,Monday - Sunday & Holidays,Day Maximum (7am - 6pm),NO MAXIMUM,Night Maximum (6pm -7am),$3.00,,,,,yes,43.648504,-79.510355,237.42,4.42,0,,,,,,,,,,,,,,,,,,,,,,,,,,,,,,,,,,,,,,
504,9 Willingdon Blvd.,43.648234,-79.510117,$1.00 / Half Hour,surface,Surface,false,1.00,116,0.00,Coins,Charge (Visa / Mastercard / American Express Only),,Pay and Display,,,Monday - Sunday & Holidays,Day Maximum (9am - 6pm),$7.00,Night Maximum (6pm - 9am),$3.00,,,,,yes,43.647942,-79.510114,11.06,-2.74,0,,,,,,,,,,,,,,,,,,,,,,,,,,,,,,,,,,,,,,
505,934 Royal York Road,43.646766,-79.511318,$1.00 / Half Hour,surface,Surface,false,1.00,11,0.00,Coins,Charge (Visa / Mastercard / American Express Only),,Pay and Display,,,Monday - Sunday & Holidays,Day Maximum (7am - 6pm),NO MAXIMUM,Night Maximum (6pm - 7am),$3.00,,,,,yes,43.646973,-79.511191,257.00,4.85,0,,,,,,,,,,,,,,,,,,,,,,,,,,,,,,,,,,,,,,
506,140 Fifth Street,43.601690,-79.503422,$0.75 / Half Hour,surface,Surface,false,0.75,53,0.00,Coins,Charge (Visa / Mastercard / American Express Only),,Pay and Display,,,Monday - Sunday & Holidays,Day Maximum (7am - 6pm),$4.00,Night Maximum (6pm - 7am),$2.00,,,,,yes,43.601762,-79.503215,267.95,-1.14,0,,,,,,,,,,,,,,,,,,,,,,,,,,,,,,,,,,,,,,
507,66 Third Street,43.601216,-79.500697,$0.75 / Half Hour,surface,Surface,false,0.75,24,0.00,Coins,Charge (Visa / Mastercard / American Express Only),,Pay and Display,,,Monday - Sunday & Holidays,Day Maximum (7am - 6pm),$4.00,Night Maximum (6pm - 7am),$2.00,,,,,yes,43.601209,-79.500520,287.95,0.03,0,,,,,,,,,,,,,,,,,,,,,,,,,,,,,,,,,,,,,,
508,128 Eighth Street,43.600906,-79.506769,$0.75 / Half Hour,surface,Surface,false,0.75,45,0.00,Coins,Charge (Visa / Mastercard / American Express Only),,Pay and Display,,,Monday - Sunday & Holidays,Day Maximum (7am - 6pm),$4.00,Night Maximum (6pm - 7am),$2.00,,,,,yes,43.600935,-79.506593,283.41,1.72,0,,,,,,,,,,,,,,,,,,,,,,,,,,,,,,,,,,,,,,
510,3239 Lakeshore Blvd W.,43.596640,-79.521446,$1.00 / Half Hour,surface,Surface,false,1.00,22,0.00,Coins,Charge (Visa / Mastercard / American Express Only),,Pay and Display,,,Monday - Sunday & Holidays,Day Maximum (7am - 6pm),NO MAXIMUM,Night Maximum (6pm - 7am),$2.00,,,,,yes,43.597051,-79.521706,139.96,3.15,0,,,,,,,,,,,,,,,,,,,,,,,,,,,,,,,,,,,,,,
511,120 Sixth Street,43.600152,-79.503990,$0.75 / Half Hour,surface,Surface,false,0.75,54,0.00,Coins,Charge (Visa / Mastercard / American Express Only),,Pay and Display,,,Monday - Sunday & Holidays,Day Maximum (7am - 6pm),$4.00,Night Maximum (6pm - 7am),$2.00,,,,,yes,43.600531,-79.503917,219.74,6.17,0,,,,,,,,,,,,,,,,,,,,,,,,,,,,,,,,,,,,,,
512,3220 Bloor Street West,43.645959,-79.518067,$1.00 / Half Hour,surface,Surface,false,1.00,57,0.00,Coins,Charge (Visa / Mastercard / American Express Only),,Pay and Display,,,Monday - Sunday & Holidays,Day Maximum (7am - 6pm),$8.00,Night Maximum (6pm - 7am),$3.00,,,,,yes,43.645974,-79.517561,319.53,-9.46,0,,,,,,,,,,,,,,,,,,,,,,,,,,,,,,,,,,,,,,
513,575 Royal York Road,43.626997,-79.502724,$0.75 / Half Hour,surface,Surface,false,0.75,28,0.00,Coins,Charge (Visa / Mastercard / American Express Only),,Pay and Display,,,Monday - Sunday & Holidays,Maximum (Any 24 hr Period),$4.00,,,,,,,yes,43.626794,-79.502791,51.85,1.06,0,,,,,,,,,,,,,,,,,,,,,,,,,,,,,,,,,,,,,,
517,15 Primrose Avenue,43.614299,-79.489882,$0.75 / Half Hour,surface,Surface,false,0.75,23,0.00,Coins,Charge (Visa / Mastercard / American Express Only),,Pay and Display,,,Monday - Sunday & Holidays,Maximum (Any 24 hr Period),$4.00,,,,,,,yes,43.614174,-79.489700,357.95,0.62,0,,,,,,,,,,,,,,,,,,,,,,,,,,,,,,,,,,,,,,
519,5 Dayton Avenue,43.625584,-79.503551,$0.75 / Half Hour,surface,Surface,false,0.75,15,0.00,Coins,Charge (Visa / Mastercard / American Express Only),,Pay and Display,,,Monday - Sunday & Holidays,Day Maximum (7am - 6pm),$4.00,Night Maximum (6pm - 7am),$3.00,,,,,yes,43.625642,-79.503755,54.64,0.62,0,,,,,,,,,,,,,,,,,,,,,,,,,,,,,,,,,,,,,,
520,20 Royalavon Crescent,43.645253,-79.532733,$0.75 / Half Hour,surface,Surface,false,0.75,62,0.00,Coins,Charge (Visa / Mastercard / American Express Only),,Pay and Display,,,Monday - Sunday & Holidays,Maximum (7am - 7am),$4.00,,,,,,,yes,43.645597,-79.532518,205.12,2.98,0,,,,,,,,,,,,,,,,,,,,,,,,,,,,,,,,,,,,,,
600,550 Mortimer Avenue,43.690428,-79.327898,$1.25 / Half Hour,surface,Surface,false,1.25,20,0.00,Coins,Charge (Visa / Mastercard / American Express Only),,Pay and Display,,,Monday - Friday,Day Maximum (7am - 5pm),NO MAXIMUM,Night Maximum (5pm - 7am),$2.00,,,,,yes,43.690382,-79.327563,342.18,3.39,0,Saturday & Sunday,Day Maximum (7am - 5pm),$5.00,Night Maximum (5pm - 7am),$2.00,,,,,,,,,,,,,,,,,,,,,,,,,,,,,,,,,
650,22 John Street,43.701334,-79.517477,$0.75 / Half Hour,surface,Surface,false,0.75,190,0.00,Coins,Charge (Visa / Mastercard / American Express Only),,Pay and Display,,,Monday - Sunday & Holidays,Day Maximum (7am - 6pm),$4.50,Night Maximum (6pm - 7am),$2.00,,,,,yes,43.701785,-79.517149,258.02,-6.98,0,,,,,,,,,,,,,,,,,,,,,,,100 spaces designated to Go Transit,,,,,,,,,,,,,,,
652,301 Scott Road,43.690343,-79.472383,$0.75 / Half Hour,surface,Surface,false,0.75,14,0.00,Coins,Charge (Visa / Mastercard / American Express Only),,Pay and Display,,,Monday - Sunday & Holidays,Day Maximum (7am - 6pm),$5.00,Night Maximum (6pm - 7am),$3.00,,,,,yes,43.690409,-79.472573,110.03,5.51,0,,,,,,,,,,,,,,,,,,,,,,,,,,,,,,,,,,,,,,
653,17 Riverview Gardens,43.649119,-79.486397,$1.00 / Half Hour,surface,Surface,false,1.00,113,0.00,Coins,Charge (Visa / Mastercard / American Express Only),,Pay and Display,,,Monday - Sunday & Holidays,Day Maximum (7am - 6pm),$7.00,Night Maximum (6pm - 7am),$5.00,,,,,yes,43.648860,-79.486131,358.54,-4.64,0,,,,,,,,,,,,,,,,,,,,,,,,,,,,,,,,,,,,,,
654,16 Riverview Gardens,43.648894,-79.486663,$1.00 / Half Hour,surface,Surface,false,1.00,100,0.00,Coins,Charge (Visa / Mastercard / American Express Only),,Pay and Display,,,Monday - Sunday & Holidays,Day Maximum (7am - 6pm),$7.00,Night Maximum (6pm - 7am),$4.00,,,,,yes,43.649059,-79.486488,247.89,5.13,0,,,,,,,,,,,,,,,,,,,,,,,,,,,,,,,,,,,,,,
657,271A Scarlett Road,43.677890,-79.506555,$0.75 / Half Hour,surface,Surface,false,0.75,11,0.00,Coins,Charge (Visa / Mastercard / American Express Only),,Pay and Display,,,Monday - Sunday & Holidays,Maximum (7am - 7am),NO MAXIMUM,,,,,,,yes,43.677937,-79.506395,294.84,0.91,0,,,,,,,,,,,,,,,,,,,,,,,,,,,,,,,,,,,,,,
658,2054 Dufferin Street,43.686611,-79.446806,$0.75 / Half Hour,surface,Surface,false,0.75,94,0.00,Coins,Charge (Visa / Mastercard / American Express Only),,Pay and Display,,,Monday - Sunday & Holidays,Maximum (Any 24 hr Period),$4.00,,,,,,,yes,43.686824,-79.446640,249.55,2.81,0,,,,,,,,,,,,,,,,,,,,,,,,,,,,,,,,,,,,,,
660,406 Oakwood Avenue,43.688069,-79.439317,$0.75 / Half Hour,surface,Surface,false,0.75,21,0.00,Coins,Charge (Visa / Mastercard / American Express Only),,Pay and Display,,,Monday - Sunday & Holidays,Day Maximum (7am - 6pm),$4.00,Night Maximum (6pm - 7am),$3.00,,,,,yes,43.688251,-79.439139,273.67,-1.38,0,,,,,,,,,,,,,,,,,,,,,,,,,,,,,,,,,,,,,,
661,433 Rogers Road,43.682507,-79.463983,$0.75 / Half Hour,surface,Surface,false,0.75,24,0.00,Coins,Charge (Visa / Mastercard / American Express Only),,Pay and Display,,,Monday - Sunday & Holidays,Day Maximum (7am - 6pm),$4.50,Night Maximum (6pm - 7am),$2.50,,,,,yes,43.682625,-79.464007,132.97,-0.16,0,,,,,,,,,,,,,,,,,,,,,,,,,,,,,,,,,,,,,,
663,1 Shortt Street,43.695951,-79.451795,$1.00 / Half Hour,surface,Surface,false,1.00,130,0.00,Coins,Charge (Visa / Mastercard / American Express Only),,Pay and Display,,,Monday - Sunday & Holidays,Day Maximum (7am - 6pm),$5.00,Night Maximum (6pm - 7am),$3.00,,,,,yes,43.695758,-79.451718,346.12,-4.06,0,,,,,,,,,,,,,,,,,,,,,,,,,,,,,,,,,,,,,,
664,1607 Eglinton Avenue West,43.696952,-79.443727,$1.00 / Half Hour,surface,Surface,false,1.00,40,0.00,Coins,Charge (Visa / Mastercard / American Express Only),,Pay and Display,,,Monday - Sunday & Holidays,Day Maximum (7am - 6pm),$5.00,Night Maximum (6pm - 7am),$3.00,"Enter lot through Lanark Avenue, one block south of Eglinton Avenue.",,,,yes,43.697100,-79.443733,117.32,-2.16,0,,,,,,,,,,,,,,,,,,,,,,,,,Please note,Eglinton Avenue entrance temporary closed due to emergency water main repair.,,,,,,,,,,,,
700,101 Grangeway Avenue,43.775378,-79.250093,$1.00 / Half Hour,surface,Surface,false,1.00,261,0.00,Coins,Charge (Visa / Mastercard / American Express Only),,Pay and Display,,,Monday - Sunday & Holidays,Maximum (Any 24 hr Period),$4.00,,,,,,,yes,43.775556,-79.250380,98.25,1.35,0,,,,,,,,,,,,,,,,,,,,,,,,,,,,,,,,,,,,,,
701,197 Blantyre Avenue,43.681770,-79.281496,$1.00 / Half Hour,surface,Surface,false,1.00,83,0.00,Coins,Charge (Visa / Mastercard / American Express Only),,Pay and Display,,,Monday - Sunday & Holidays,Maximum (Any 24 hr Period),$5.00,,,,,,,yes,43.681857,-79.281656,62.09,4.27,0,,,,,,,,,,,,,,,,,,,,,,,,,,,,,,,,,,,,,,
150,40 Larch Street,43.652954,-79.397024,$1.25 / Half Hour,garage,Garage,false,1.25,357,2.00,Bills,Coins,Charge (Visa / Mastercard / American Express Only),Pay at Exit Lane Stations,Credit Card at Entry & Exit,Cashier,Monday - Sunday & Holidays,Day Maximum (7am - 6pm),$7.00,Night Maximum (6pm - 7am),$5.00,,,,,yes,43.653136,-79.397064,144.31,-7.73,0,,,,,,,,,,,,,,,,,,,,,,,,,,,,,,,,,,,,,,
521,7 Monkton Avenue,43.644336,-79.521886,$1.50 / Half Hour,surface,Surface,false,1.50,25,,Coins,Charge (Visa / Mastercard / American Express Only),,Pay and Display,,,Monday - Sunday & Holidays,Day Maximum (7am - 6pm),$12.00,Night Maximum (6pm - 7am),$5.00,,,,,yes,43.644449,-79.522056,45.73,-5.37,0,,,,,,,,,,,,,,,,,,,,,,,,,,,,,,,,,,,,,,
414,3885 Yonge Street,43.741786,-79.405950,$1.00 / Half Hour,surface,Surface,false,1.00,129,0.00,Coins,Charge (Visa / Mastercard / American Express Only),,Pay and Display,,,Monday - Sunday & Holidays,Day Maximum (5am - 7pm),$9.00,Night Maximum (7pm - 5am),$4.00,,,,,yes,43.741893,-79.406189,116.44,-4.06,0,,,,,,,,,,,,,,,,,,,,,,,,,,,,,,,,,,,,,,
651,1169 Weston Road,43.687441,-79.490300,$0.75 / Half Hour,surface,Surface,false,0.75,47,0.00,Coins,Charge (Visa / Mastercard / American Express Only),,Pay and Display,,,Monday - Sunday & Holidays,Day Maximum (7am - 6pm),$4.00,Night Maximum (6pm - 7am),$2.00,,,,,yes,43.687356,-79.490325,4.38,1.79,0,,,,,,,,,,,,,,,,,,,,,,,,,,,,,,,,,,,,,,
200,1167 Eastern Avenue,43.665986,-79.313049,$0.75 / Half Hour,surface,Surface,false,0.75,66,2.10,Coins,Charge (Visa / Mastercard / American Express Only),,Pay and Display,,,Monday - Sunday & Holidays,Day Maximum (7am - 6pm),$4.00,Night Maximum (6pm - 7am),$4.00,,,,,yes,43.666135,-79.313341,77.14,0.32,0,,,,,,,,,,,,,,,,,,,,,,,,,,,,,,,,,,,,,,
202,1141 Eastern Avenue,43.665660,-79.314079,$0.75 / Half Hour,surface,Surface,false,0.75,18,2.10,Coins,Charge (Visa / Mastercard / American Express Only),,Pay and Display,,,Monday - Sunday & Holidays,Day Maximum (7am - 6pm),$4.00,Night Maximum (6pm - 7am),$4.00,,,,,yes,43.666017,-79.313861,108.26,5.44,0,,,,,,,,,,,,,,,,,,,,,,,,,,,,,,,,,,,,,,
215,74 Yorkville Avenue,43.670936,-79.392222,$2.75 / Half Hour,garage,Garage,false,2.75,172,2.20,Bills,Coins,Charge (Visa / Mastercard / American Express Only),Auto Express Pay Stations,Credit Card at Entry & Exit,Customer Assistance Booth,Monday - Saturday,Day Maximum (7am - 6pm),$18.00,Night Maximum (6pm - 7am),$8.00,,,,,yes,43.670917,-79.392226,0.00,5.00,0,Sunday,Day Maximum (7am - 6pm),$8.00,Night Maximum (6pm - 7am),$8.00,,,,,,,,,,,,,,,,,,,,,,,,,,,,,,,,,
96,10 Portland Street,43.641635,-79.399159,$1.25 / Half Hour,garage,Garage,false,1.25,37,2.10,Coins,Charge (Visa / Mastercard / American Express Only),,Pay and Display,,,Monday - Sunday & Holidays,Day Maximum (7am - 6pm),$10.00,Night Maximum (6pm - 7am),$4.00,,,,,yes,43.641429,-79.398841,326.02,-7.62,0,,,,,,,,,,,,,,,,,,,,,,,,,,,,,,,,,,,,,,
216,205 McCaul Street,43.657231,-79.392475,$2.75 / Half Hour,surface,Surface,false,2.75,38,2.13,Coins,Charge (Visa / Mastercard / American Express Only),,Pay and Display,,,Monday - Sunday & Holidays,Day Maximum (7am - 6pm),NO MAXIMUM,Night Maximum (6pm - 7am),$8.00,,,,,yes,43.657202,-79.392664,52.45,-4.64,0,,,,,,,,,,,,,,,,,,,,,,,,,,,,,,,,,,,,,,
212,363 Adelaide Street West,43.646712,-79.394910,$2.75 / Half Hour,surface,Surface,false,2.75,23,2.10,Coins,Charge (Visa / Mastercard / American Express Only),,Pay and Display,,,Monday - Sunday & Holidays,Day Maximum (7am - 6pm),NO MAXIMUM,Night Maximum (6pm - 7am),$9.00,,,,,yes,43.646862,-79.394886,127.65,0.02,0,,,,,,,,,,,,,,,,,,,,,,,,,,,,,,,,,,,,,,
706,284 Milner Avenue,43.789429,-79.238387,$1.75 / Half Hour,surface,Surface,false,1.75,98,0.00,Coins,Charge (Visa / Mastercard / American Express Only),,Pay and Display,,,Monday - Sunday,Day Maximum (7am - 6pm),$8.00,Night Maximum (6pm - 7am),$3.00,,,,,yes,43.789222,-79.238639,340.71,0.47,0,,,,,,,,,,,,,,,,,,,,,,,,,,,,,,,,,,,,,,
209,711 Lakeshore Blvd W,43.634366,-79.407235,$1.00 / Half Hour,surface,Surface,false,1.00,65,0.00,Coins,Charge (Visa / Mastercard / American Express Only),,Pay and Display,,,Monday - Sunday & Holidays,Maximum (7am - 7am),$8.00,,,,,,,yes,43.634296,-79.408755,80.59,-4.23,0,,,,,,,,,,,,,,,,,,,,,,,,,,,,,,,,,,,,,,
195,15 Price St,43.679814,-79.390007,$1.50 / Half Hour,surface,Surface,false,1.50,71,2.20,Coins,Charge (Visa / Mastercard / American Express Only),,Pay and Display,,,Monday - Sunday & Holidays,Day Maximum (9am - 6pm),No Maximum - half hour rates apply,Night Maximum (6pm - 9am),$5.00,,,,,yes,43.679978,-79.390200,114.38,3.48,0,,,,,,,,,,,,,,,,,,,,,,,,,,,,,,,,,,,,,,
667,1531 Eglinton Avenue West,43.697588,-79.440712,$1.00 / Half Hour,surface,Surface,false,1.00,23,0.00,Coins,Charge (Visa / Mastercard / American Express Only),,Pay and Display,,,Monday - Sunday & Holidays,Day Maximum (7am - 6pm),$5.00,Night Maximum (6pm - 7am),$3.00,,,,,yes,43.697682,-79.440984,141.23,-6.93,0,,,,,,,,,,,,,,,,,,,,,,,,,,,,,,,,,,,,,,
218,3354 Dundas Street West,43.665668,-79.481900,$1.00 / Half Hour,surface,Surface,false,1.00,13,0.00,Coins,Charge (Visa / Mastercard / American Express Only),,Pay and Display,,,Monday - Sunday & Holidays,Day Maximum (7am - 6pm),$5.00,Night Maximum (6pm - 7am),$3.00,,,,,yes,43.665588,-79.481731,319.38,0.76,0,,,,,,,,,,,,,,,,,,,,,,,,,,,,,,,,,,,,,,
219,87 Richmond Street East,43.652464,-79.374326,$2.00 / Half Hour,surface,Surface,false,2.00,20,2.15,Coins,Charge (Visa / Mastercard / American Express Only),,Pay and Display,,,Monday - Sunday & Holidays,Day Maximum (7am - 6pm),NO MAXIMUM,Night Maximum (6pm - 7am),$6.00,,,,,yes,43.652742,-79.374122,191.98,-1.43,0,,,,,,,,,,,,,,,,,,,,,,,,,,,,,,,,,,,,,,
707,1530 Markham Road,43.789507,-79.237915,$2.00 / Half Hour,surface,Surface,false,2.00,24,0.00,Coins,Charge (Visa / Mastercard / American Express Only),,Pay and Display,,,Monday - Sunday ,Day Maximum (7am - 6pm),NO MAXIMUM,Night Maximum (6pm - 7am),$3.00,,,,,yes,43.789406,-79.237857,322.45,2.66,0,,,,,,,,,,,,,,,,,,,,,,,,,,,,,,,,,,,,,,
221,121 St. Patrick Street,43.653575,-79.389685,$2.75 / Half Hour,surface,Surface,false,2.75,36,0.00,Coins,Charge (Visa / Mastercard / American Express Only),,Pay and Display,,,Monday - Sunday & Holidays,Day Maximum (7am - 6pm),NO MAXIMUM,Night Maximum (6pm - 7am),$6.00,,,,,yes,43.653673,-79.389967,132.71,-6.90,0,,,,,,,,,,,,,,,,,,,,,,,,,,,,,,,,,,,,,,
220,789 St. Clair Avenue West,43.680738,-79.429629,$1.00 / Half Hour,surface,Surface,false,1.00,18,0.00,Coins,Charge (Visa / Mastercard / American Express Only),,Pay and Display,,,Monday - Sunday & Holidays,Day Maximum (7am - 6pm),$7.00,Night Maximum (6pm - 7am),$3.00,,,,,yes,43.680868,-79.429729,137.63,-6.40,0,,,,,,,,,,,,,,,,,,,,,,,,,,,,,,,,,,,,,,
223,1501 Yonge Street,43.689148,-79.394374,$2.50 / Half Hour,surface,Surface,false,2.50,37,0.00,Coins,Charge (Visa / Mastercard / American Express Only),,Pay and Display,,,Monday - Saturday ,Day Maximum (7am - 6pm),$20.00,Night Maximum (6pm - 7am),$6.00,,,,,yes,43.689117,-79.394511,59.90,-2.16,0,Sunday ,Day Maximum (7am - 6pm),$12.00,Night Maximum (6pm - 7am),$6.00,,,,,,,,,,,,,,,,,,,,,,,,,,,,,,,,,
668,2700 Eglinton Avenue West,43.690203,-79.477919,$1.75 / Half Hour,surface,Surface,false,1.75,109,0.00,Coins,Charge (Visa / Mastercard / American Express Only),,Pay and Display,,,Monday - Friday,Maximum (5am - 5pm),$9.00,,,,,,,yes,43.690375,-79.478090,17.97,7.05,0,FREE PARKING,Monday - Friday,AFTER 5pm,Saturday & Sunday,ALL DAY,,,,,,,,,,,,,,,,,,,,,,,,,,,,,,,,,
669,2700 Eglinton Avenue West,43.690792,-79.478585,$1.75 / Half Hour,surface,Surface,false,1.75,38,0.00,Coins,Charge (Visa / Mastercard / American Express Only),,Pay and Display,,,Monday - Friday ,Maximum (5am - 5pm),$9.00,,,,,,,yes,43.690899,-79.478294,308.15,-0.56,0,FREE PARKING,Monday - Friday,AFTER 5pm,Saturday & Sunday,ALL DAY,,,,,,,,,,,,,,,,,,,,,,,,,,,,,,,,,
528,1 Colonel Samuel Smith Park Drive,43.597008,-79.516075,$1.00 / Half Hour,surface,Surface,false,1.00,30,0.00,Coins,Charge (Visa / Mastercard / American Express Only),,Pay and Display,,,Monday - Friday ,Day Maximum (7am - 5pm),NO MAXIMUM,,,,,,,,,,,,,FREE PARKING,Monday - Friday,AFTER 5pm,Saturday & Sunday,ALL DAY,,,,,,,,,,,,,,,,,,,,,,,,,,,,,,,,,
529,65 Colonel Samuel Smith Park,43.593757,-79.516468,$1.00 / Half Hour,surface,Surface,false,1.00,210,0.00,Coins,Charge (Visa / Mastercard / American Express Only),,Pay and Display,,,Monday - Friday,Day Maximum (7am - 3pm),$7.00,,,,,,,,,,,,,FREE PARKING,Monday - Friday,AFTER 3pm,Saturday & Sunday,ALL DAY,,,,,,,,,,,,,,,,,,,,,,,,,,,,,,,,,
602,1503 Bayview Avenue,43.703909,-79.374332,$1.00 / Half Hour,surface,Surface,false,1.00,25,,Coins,Charge (Visa / Mastercard / American Express Only),,Pay and Display,,,Monday - Sunday & Holidays,Day Maximum (7am - 6pm),$8.00,Night Maximum (6pm - 7am),$4.00,,,,,yes,43.703822,-79.374413,43.25,0.91,0,,,,,,,,,,,,,,,,,,,,,,,,,,,,,,,,,,,,,,
224,34 Hanna Avenue,43.638242,-79.419812,$1.50 / Half Hour,surface,Surface,false,1.50,184,2.10,Coins,Charge (Visa / Mastercard / American Express Only),,Pay and Display,,,Monday - Sunday & Holidays,Day Maximum (7am - 6pm),$9.00,Night Maximum (6pm - 7am),$5.00,,,,,yes,43.638432,-79.419805,213.77,-3.02,0,,,,,,,,,,,,,,,,,,,,,,,,,Event Rate,$10.00,,,,,,,,,,,,
225,80 Clinton Street,43.656346,-79.414555,$1.00 / Half Hour,surface,Surface,false,1.00,25,0.00,Coins,Charge (Visa / Mastercard / American Express Only),,Pay and Display,,,Monday - Thursday,Day Maximum (2am - 6pm),CLOSED,Night Maximum (6pm - 2am),$8.00,,,,,yes,43.656090,-79.414215,262.99,-5.37,0,Friday,Day Maximum (2am - 6pm),CLOSED,Night Maximum (6pm -7am),$8.00,,,,,,,,,Saturday,Day Maximum (7am - 6pm),$6.00,Night Maximum (6pm - 7am),$8.00,,,,,,,,,,,Sunday ,Day Maximum (7am - 6pm),$6.00,Night Maximum (6pm - 2am),$8.00,Holidays,Day Maximum (7am - 6pm),$6.00,Night Maximum (6pm - 2am),$8.00
226,646 St. Clair Avenue West,43.682103,-79.424200,$1.00 / Half Hour,surface,Surface,false,1.00,18,0.00,Coins,Charge (Visa / Mastercard / American Express Only),,Pay and Display,,,Monday - Sunday & Holidays,Day Maximum (7am - 6pm),$7.00,Night Maximum (6pm - 7am),$3.00,,,,,yes,43.682017,-79.424169,330.63,-9.46,0,,,,,,,,,,,,,,,,,,,,,,,,,,,,,,,,,,,,,,
227,105 Spadina Avenue,43.646680,-79.395233,$2.75 / Half Hour,surface,Surface,false,2.75,18,0.00,Coins,Charge (Visa / Mastercard / American Express Only),,Pay and Display,,,Monday - Sunday & Holidays,Day Maximum (7am - 6pm),NO MAXIMUM,Night Maximum (6pm - 7am),$9.00,,,,,yes,43.646773,-79.395291,112.81,4.86,0,,,,,,,,,,,,,,,,,,,,,,,,,,,,,,,,,,,,,,
228,11 Kenwood Avenue,43.682980,-79.422065,$1.00 / Half Hour,surface,Surface,false,1.00,25,0.00,Coins,Charge (Visa / Mastercard / American Express Only),,Pay and Display,,,Monday - Sunday & Holidays,Day Maximum (7am - 6pm),$7.00,Night Maximum (6pm - 7am),$3.00,,,,,yes,43.682901,-79.422148,68.89,0.34,0,,,,,,,,,,,,,,,,,,,,,,,,,,,,,,,,,,,,,,
229,110 Dovercourt Road,43.643840,-79.422762,$1.00 / Half Hour,surface,Surface,false,1.00,8,0.00,Coins,Charge (Visa / Mastercard / American Express Only),,Pay and Display,,,Monday - Sunday & Holidays,Day Maximum (7am - 6pm),$8.00,Night Maximum (6pm - 7am),$4.00,,,,,yes,43.643757,-79.422465,291.55,1.42,1,,,,,,,,,,,,,,,,,,,,,,,,,,,,,,,,,,,,,,
230,55 Mill Street,43.649553,-79.361694,$1.75 / Half Hour,surface,Surface,false,1.75,230,0.00,Coins,Charge (Visa / Mastercard / American Express Only),,Pay and Display,,,Monday - Sunday & Holidays,Maximum (Any 10 hour Period),$14.00,,,,,,,yes,43.649412,-79.361816,38.72,-18.23,0,,,,,,,,,,,,,,,,,,,,,,,,,,,,,,,,,,,,,,
231,19 Spadina Road,43.667974,-79.404218,$1.00 / Half Hour,surface,Surface,false,1.00,65,0.00,Coins,Charge (Visa / Mastercard / American Express Only),,Pay and Display,,,Monday - Sunday & Holidays,Day Maximum (7am - 6pm),$8.50,Night Maximum (6pm - 7am),$4.00,,,,,yes,43.667699,-79.404246,37.72,-0.73,1,,,,,,,,,,,,,,,,,,,,,,,,,,,,,,,,,,,,,,
233,44 Parliament Street,43.650361,-79.362445,$2.00 / Half Hour,surface,Surface,false,2.00,120,0.00,Coins,Charge (Visa / Mastercard / American Express Only),,Pay and Display,,,Monday - Sunday & Holidays,Day Maximum (7am - 6pm),$12.00,Night Maximum (6pm - 7am),$6.00,,,,,yes,43.650682,-79.362367,208.71,-1.28,1,,,,,,,,,,,,,,,,,,,,,,,,,,,,,,,,,,,,,,
235,2201 Dundas Street West,43.653388,-79.451323,$1.00 / Half Hour,surface,Surface,false,1.00,10,0.00,Coins,Charge (Visa / Mastercard / American Express Only),,Pay and Display,,,Monday - Sunday & Holidays,Maximum (Any 24 hr Period),$6.00,,,,,,,yes,43.653576,-79.451298,163.64,-10.25,0,,,,,,,,,,,,,,,,,,,,,,,,,,,,,,,,,,,,,,
183,166 Woodbine Ave,43.668252,-79.306226,$0.75 / Half Hour,surface,Surface,false,0.75,21,0.00,Coins,Charge (Visa / Mastercard / American Express Only),,Pay and Display,,,Monday - Sunday & Holidays,Day Maximum (7am - 6pm),$4.00,Night Maximum (6pm - 7am),$3.00,,,,,yes,43.668399,-79.305613,261.11,-2.41,0,,,,,,,,,,,,,,,,,,,,,,,,,,,,,,,,,,,,,,
187,116 Winners Circle,43.667107,-79.310740,$0.75 / Half Hour,surface,Surface,false,0.75,10,0.00,Coins,Charge (Visa / Mastercard / American Express Only),,Pay and Display,,,Monday - Sunday & Holidays,Day Maximum (7am - 6pm),$4.00,Night Maximum (6pm - 7am),$3.00,,,,,yes,43.667291,-79.310146,280.97,-0.30,0,,,,,,,,,,,,,,,,,,,,,,,,,,,,,,,,,,,,,,
710,100 Grangeway Avenue,43.774580,-79.251359,$1.00 / Half Hour,surface,Surface,false,1.00,214,0.00,Coins,Charge (Visa / Mastercard / American Express Only),,Pay and Display,,,Monday - Sunday & Holidays,Maximum (Any 24 hr Period),$4.00,,,,,,,yes,43.774703,-79.251499,155.31,-9.17,0,,,,,,,,,,,,,,,,,,,,,,,,,,,,,,,,,,,,,,
419,5667 Yonge Street,43.781482,-79.415703,$1.75 / Half Hour,surface,Surface,false,1.75,23,2.15,Coins,Charge (Visa / Mastercard / American Express Only),,Pay and Display,,,Monday - Sunday & Holidays,Day Maximum (5am - 7pm),$12.00,Night Maximum (7pm - 5am),$5.00,,,,,yes,43.781690,-79.415832,122.00,-5.23,0,,,,,,,,,,,,,,,,,,,,,,,,,,,,,,,,,,,,,,
193,1675 Lakeshore Blvd. E. (Parks),43.662417,-79.311188,$0.75 / Half Hour,surface,Surface,false,0.75,292,,Coins,Charge (Visa / Mastercard / American Express Only),,Pay and Display,,,Monday - Friday,Night Maximum (5pm - 9pm),$3.00,,,FREE PARKING BEFORE 5PM,,,,yes,43.663094,-79.310894,74.37,-3.62,0,Saturday/Sunday/Holidays,Maximum (9am - 11:59pm),$7.00,,,,,,,,,,,,,,,,,,,,,,,,,,,,,,,,,,,
194,20 Ashbridges Bay Park (Parks),43.660056,-79.311365,$0.75 / Half Hour,surface,Surface,false,0.75,270,,Coins,Charge (Visa / Mastercard / American Express Only),,Pay and Display,,,Monday - Friday,Night Maximum (5pm - 9pm),$3.00,,,FREE PARKING BEFORE 5pm,,,,yes,43.660430,-79.311386,143.03,13.85,0,Saturday/Sunday/Holidays,Maximum (9am - 11:59pm),$7.00,,,,,,,,,,,,,,,,,,,,,,,,,,,,,,,,,,,
206,2001 Lakeshore Blvd. West (Parks),43.634103,-79.469036,$0.75 / Half Hour,surface,Surface,false,0.75,185,,Coins,Charge (Visa / Mastercard / American Express Only),,Pay and Display,,,Monday - Friday,Night Maximum (5pm - 9pm),$3.00,,,FREE PARKING BEFORE 5pm,,,,yes,43.634100,-79.469543,93.14,2.65,0,Saturday/Sunday/Holidays,Maximum (6am - 11:59pm),$7.00,,,,,,,,,,,,,,,,,,,,,,,,,,,,,,,,,,,
207,2001 Lakeshore Blvd. West (Parks),43.637123,-79.462266,$0.75 / Half Hour,surface,Surface,false,0.75,187,,Coins,Charge (Visa / Mastercard / American Express Only),,Pay and Display,,,Monday - Friday,Night Maximum (5pm - 9pm),$3.00,,,FREE PARKING BEFORE 5pm,,,,yes,43.636496,-79.463941,75.98,5.15,0,Saturday/Sunday/Holidays,Maximum (6am - 11:59pm),$7.00,,,,,,,,,,,,,,,,,,,,,,,,,,,,,,,,,,,
208,1575 Lakeshore Blvd. W. (Parks),43.637473,-79.451301,$0.75 / Half Hour,surface,Surface,false,0.75,82,,Coins,Charge (Visa / Mastercard / American Express Only),,Pay and Display,,,Monday - Friday,Night Maximum (5pm - 9pm),$3.00,,,FREE PARKING BEFORE 5pm,,,,,,,,,,Saturday/Sunday/Holidays,Maximum (6am - 11:59pm),$7.00,,,,,,,,,,,,,,,,,,,,,,,,,,,,,,,,,,,
210,1095 Lakeshore Blvd. W. (Parks),43.632829,-79.438124,$0.75 / Half Hour,surface,Surface,false,0.75,120,,Coins,Charge (Visa / Mastercard / American Express Only),,Pay and Display,,,Monday - Friday,Night Maximum (5pm - 9pm),$3.00,,,FREE PARKING BEFORE 5pm,,,,,,,,,,Saturday/Sunday/Holidays,Maximum (6am - 11:59pm),$7.00,,,,,,,,,,,,,,,,,,,,,,,,,,,,,,,,,,,
522,2235 Lakeshore Blvd West (Parks),43.622470,-79.476707,$0.75 / Half Hour,surface,Surface,false,0.75,228,,Coins,Charge (Visa / Mastercard / American Express Only),,Pay and Display,,,Monday - Friday,Night Maximum (5pm - 9pm),$3.00,,,FREE PARKING BEFORE 5pm,,,,yes,43.622811,-79.476759,115.63,0.29,0,Saturday/Sunday/Holidays,Maximum (9am - 8pm),$7.00,,,,,,,,,,,,,,,,,,,,,,,,,,,,,,,,,,,
523,2235 Lakeshore Blvd West (Parks),43.620031,-79.480698,$0.75 / Half Hour,surface,Surface,false,0.75,80,,Coins,Charge (Visa / Mastercard / American Express Only),,Pay and Display,,,Monday - Friday ,Night Maximum (5pm - 9pm),$3.00,,,FREE PARKING BEFORE 5pm,,,,yes,43.619989,-79.481346,50.99,-3.47,0,Saturday/Sunday/Holidays,Maximum (9am - 8pm),$7.00,,,,,,,,,,,,,,,,,,,,,,,,,,,,,,,,,,,
524,2235 Lakeshore Blvd West (Parks),43.619642,-79.479722,$0.75 / Half Hour,surface,Surface,false,0.75,144,,Coins,Charge (Visa / Mastercard / American Express Only),,Pay and Display,,,Monday - Friday,Night Maximum (5pm - 9pm),$3.00,,,FREE PARKING BEFORE 5pm,,,,yes,43.619989,-79.481346,85.18,-5.64,1,Saturday/Sunday/Holidays,Maximum (9am - 8pm),$7.00,,,,,,,,,,,,,,,,,,,,,,,,,,,,,,,,,,,
525,2235 Lakeshore Blvd West (Parks),43.616982,-79.477247,$0.75 / Half Hour,surface,Surface,false,0.75,28,,Coins,Charge (Visa / Mastercard / American Express Only),,Pay and Display,,,Monday - Friday,Night Maximum (5pm - 9pm),$3.00,,,FREE PARKING BEFORE 5pm,,,,yes,43.616993,-79.477461,70.28,5.44,0,Saturday/Sundat/Holidays,Maximum (9am - 8pm),$7.00,,,,,,,,,,,,,,,,,,,,,,,,,,,,,,,,,,,
526,2235 Lakeshore Blvd West (Parks),43.614780,-79.478059,$0.75 / Half Hour,surface,Surface,false,0.75,22,,Coins,Charge (Visa / Mastercard / American Express Only),,Pay and Display,,,Monday - Friday,Night Maximum (5pm - 9pm),$3.00,,,FREE PARKING BEFORE 5pm,,,,yes,43.614957,-79.478388,108.53,6.35,0,Saturday/Sunday/Holidays,Maximum (9am - 8pm),$7.00,,,,,,,,,,,,,,,,,,,,,,,,,,,,,,,,,,,
527,2235 Lakeshore Blvd West (Parks),43.613359,-79.479926,$0.75 / Half Hour,surface,Surface,false,0.75,10,,Coins,Charge (Visa / Mastercard / American Express Only),,Pay and Display,,,Monday - Friday,Night Maximum (5pm - 9pm),$3.00,,,FREE PARKING BEFORE 5pm,,,,yes,43.613188,-79.479964,5.48,8.70,0,Saturday/Sunday/Holidays,Maximum (9am - 8pm),$7.00,,,,,,,,,,,,,,,,,,,,,,,,,,,,,,,,,,,
702,1 Brimley Road (Bluffer's Park),43.706640,-79.235437,$0.75 / Half Hour,surface,Surface,false,0.75,232,,Coins,Charge (Visa / Mastercard / American Express Only),,Pay and Display,,,Monday - Friday,Night Maximum (5pm - 9pm),$3.00,,,FREE PARKING BEFORE 5pm,,,,yes,43.706074,-79.235803,27.08,2.19,0,Saturday/Sunday/Holidays,Maximum (9am - 8pm),$7.00,,,,,,,,,,,,,,,,,,,,,,,,,,,,,,,,,,,
703,1 Brimley Road (Bluffer's Park),43.707446,-79.234632,$0.75 / Half Hour,surface,Surface,false,0.75,128,,Coins,Charge (Visa / Mastercard / American Express Only),,Pay and Display,,,Monday - Friday,Night Maximum (5pm - 9pm),$3.00,,,FREE PARKING BEFORE 5pm,,,,yes,43.707300,-79.233411,264.67,8.42,0,Saturday/Sunday/Holidays,Maximum (9am - 8pm),$7.00,,,,,,,,,,,,,,,,,,,,,,,,,,,,,,,,,,,
705,1 Brimley Road (Bluffer's Park),43.712603,-79.230051,$0.75 / Half Hour,surface,Surface,false,0.75,168,,Coins,Charge (Visa / Mastercard / American Express Only),,Pay and Display,,,Monday - Friday,Night Maximum (5pm - 9pm),$3.00,,,FREE PARKING BEFORE 5pm,,,,yes,43.712350,-79.230057,34.33,1.79,0,Saturday/Sunday/Holidays,Maximum (9am - 8pm),$7.00,,,,,,,,,,,,,,,,,,,,,,,,,,,,,,,,,,,
238,9 Madison Ave.,43.667558,-79.402800,$1.50 / Half Hour,surface,Surface,false,1.50,38,0.00,Coins,Charge (Visa / Mastercard / American Express Only),,Pay and Display,,,Monday - Sundays & Holidays,Day Maximum (7am - 6pm),$10.00,Night Maximum (6pm - 7am),$6.00,,,,,yes,43.667437,-79.402883,44.78,-0.36,0,,,,,,,,,,,,,,,,,,,,,,,,,,,,,,,,,,,,,,
239,333 Eglinton Avenue West,43.704072,-79.409362,$1.50 / Half Hour,surface,Surface,false,1.50,25,0.00,Coins,Charge (Visa / Mastercard / American Express Only),,Pay and Display,,,Monday - Sunday & Holidays,Day Maximum (7am - 6pm),$18.00,Night Maximum (6pm - 7am),$5.00,,,,,yes,43.704111,-79.409492,95.55,10.70,0,,,,,,,,,,,,,,,,,,,,,,,,,,,,,,,,,,,,,,
240,700 St. Clair Ave,43.681847,-79.426539,$1.00 / Half Hour,surface,Surface,false,1.00,18,0.00,Coins,Charge (Visa / Mastercard / American Express Only),,Pay and Display,,,Monday - Sunday & Holidays,Day Maximum (7am - 6pm),$7.00,Night Maximum (6pm - 7am),$4.00,,,,,,,,,,,,,,,,,,,,,,,,,,,,,,,,,,,,,,,,,,,,,,,,
670,2053 Dufferin Street,43.686600,-79.446383,$1.00 / Half Hour,surface,Surface,false,1.00,23,2.00,Coins,Charge (Visa / Mastercard / American Express Only),,Pay and Display,,,Monday - Sunday & Holidays,Day Maximum (7am - 6pm),$6.00,Night Maximum (6pm - 7am),$3.00,,,,,yes,43.686533,-79.446516,34.63,5.29,0,,,,,,,,,,,,,,,,,,,,,,,,,,,,,,,,,,,,,,
709,1940 Lawrence Avenue East,43.744476,-79.299188,$1.00 / Half Hour,surface,Surface,false,1.00,25,2.06,Coins,Charge (Visa / Mastercard / American Express Only),,Pay and Display,,,Monday - Sunday & Holidays,Maximum (Any 24 hr Period),$5.00,,,,,,,yes,43.744417,-79.299409,26.28,-0.57,0,,,,,,,,,,,,,,,,,,,,,,,,,,,,,,,,,,,,,,
659,341 Oakwood Avenue,43.686479,-79.438190,$0.75 / Half Hour,surface,Surface,false,0.75,22,0.00,Coins,Charge (Visa / Mastercard / American Express Only),,Pay and Display,,,Monday - Sunday & Holidays,Day Maximum (9am - 9pm),NO MAXIMUM,Night Maximum (9pm - 9am),$3.00,,,,,yes,43.686448,-79.437810,350.74,-0.37,0,,,,,,,,,,,,,,,,,,,,,,,,,,,,,,,,,,,,,,
241,9 Bonar Place,43.652822,-79.433341,$1.00 / Half Hour,surface,Surface,false,1.00,34,0.00,Coins,Charge (Visa / Mastercard / American Express Only),,Pay and Display,,,Monday - Sunday & Holidays,Maximum (Any 24 hr Period),$5.00,,,,,,,yes,43.652870,-79.432663,275.94,-0.51,0,,,,,,,,,,,,,,,,,,,,,,,,,,,,,,,,,,,,,,
244,1439 Danforth Avenue,43.682646,-79.326321,$1.00 / Half Hour,surface,Surface,false,1.00,20,0.00,Coins,Charge (Visa / Mastercard / American Express Only),,Pay and Display,,,Monday - Sunday & Holidays,Day Maximum (7am - 6pm),$6.00,Night Maximum (6pm - 7am),$3.00,,,,,yes,43.682829,-79.326103,215.65,-5.88,0,,,,,,,,,,,,,,,,,,,,,,,,,,,,,,,,,,,,,,
800,TTC Commuter Lot - Kipling North Lot - 120 Subway Cres,43.635485,-79.539084,false,surface,Surface,true,false,564,,Coins,Charge (Visa / Mastercard / American Express Only),,Pay at Entrance Lane Stations,,,Monday - Friday,Flat Rate (5am - 3pm),$5.00,Flat Rate (3pm - 2am),$2.00,,,,,yes,43.635523,-79.539309,76.83,-11.14,0,Saturday - Sunday & Holidays,(5am - 3pm),FREE,(3pm - 2am),FREE,,,,,,,,,,,,,,,,,,NO PARKING FROM 2AM - 5AM EVERY NIGHT,,,,,,,,,,,,,,,
801,TTC Commuter Lot - Kipling South Lot - 400 Munster Avenue,43.636572,-79.534117,false,surface,Surface,true,false,829,,Coins,Charge (Visa / Mastercard / American Express Only),,Pay at Entrance Lane Stations,,,Monday - Friday,Flat Rate (5am - 3pm),$5.00,Flat Rate (3pm - 2am),$2.00,,,,,yes,43.636731,-79.533884,270.87,-7.61,0,Saturday - Sunday & Holidays,(5am - 3pm),FREE,(3pm - 2am),FREE,,,,,,,,,,,,,,,,,,NO PARKING FROM 2AM - 5AM EVERY NIGHT,,,,,,,,,,,,,,,
802,TTC Commuter Lot - Islington Main Lot - 3330 Bloor Street West,43.644181,-79.526188,false,surface,Surface,true,false,534,,Coins,Charge (Visa / Mastercard / American Express Only),,Pay at Entrance Lane Stations,,,Monday - Friday,Flat Rate (5am - 3pm),$5.00,Flat Rate (3pm - 2am),$2.00,,,,,yes,43.644221,-79.525630,310.44,-9.95,0,Saturday - Sunday & Holiday,(5am - 3pm),FREE,(3pm - 2am),FREE,,,,,,,,,,,,,,,,,,NO PARKING FROM 2AM - 5AM EVERY NIGHT,,,,,,,,,,,,,,,
803,TTC Commuter Lot - Islington Cordova Lot - 70 Cordova Avenue,43.646852,-79.525255,false,surface,Surface,true,false,473,,Coins,Charge (Visa / Mastercard / American Express Only),,Pay at Entrance Lane Stations,,,Monday - Sunday & Holidays,Flat Rate (5am - 2am),$4.00,,,,,,,yes,43.647024,-79.525078,192.03,-5.15,0,,,,,,,,,,,,,,,,,,,,,,,NO PARKING FROM 2AM - 5AM EVERY NIGHT,,,,,,,,,,,,,,,
804,TTC Commuter Lot - Islington Lomond Lot - 20 Lomond Drive,43.646774,-79.522862,false,surface,Surface,true,false,283,,Coins,Charge (Visa / Mastercard / American Express Only),,Pay and Display,,,Monday - Sunday & Holidays,Flat Rate (5am - 3pm),$7.00,Flat Rate (3pm - 2am),$4.00,,,,,yes,43.646820,-79.522829,289.43,-1.43,0,,,,,,,,,,,,,,,,,,,,,,,NO PARKING FROM 2AM - 5AM EVERY NIGHT,,,,,,,,,,,,,,,
805,TTC Commuter Lot - Keele Lot - 400 Indian Road,43.655818,-79.457159,false,surface,Surface,true,false,187,,Coins,Charge (Visa / Mastercard / American Express Only),,Pay and Display,,,Monday - Friday & Holidays,Flat Rate (5am - 2am),$4.00,,,,,,,yes,43.655918,-79.456938,244.50,-1.39,0,,,,,,,,,,,,,,,,,,,,,,,NO PARKING FROM 2AM - 5AM EVERY NIGHT,,,,,,,,,,,,,,,
809,TTC Commuter Lot - Wilson West Lot - 75 Billy Bishop Way,43.732166,-79.451687,false,surface,Surface,true,false,610,,Coins,Charge (Visa / Mastercard / American Express Only),,Pay at Entrance Lane Stations,,,Monday - Friday,Flat Rate (5am - 3pm),$3.00,Flat Rate (3pm - 2am),$2.00,,,,,yes,43.731986,-79.451636,14.14,8.30,0,Saturday - Sunday & Holidays,(5am - 3pm),FREE,(3pm - 2am),FREE,,,,,,,,,,,,,,,,,,NO PARKING FROM 2AM - 5AM EVERY NIGHT,,,,,,,,,,,,,,,
810,TTC Commuter Lot - Wilson South Lot - 30 Tippett Road,43.733662,-79.447117,false,surface,Surface,true,false,645,,Coins,Charge (Visa / Mastercard / American Express Only),,Pay at Entrance Lane Stations,,,Monday - Friday,Flat Rate (5am - 3pm),$3.00,Flat Rate (3pm - 2am),$2.00,,,,,yes,43.733760,-79.446855,248.67,-9.76,0,Saturday - Sunday & Holidays,(5am - 3pm),FREE,(3pm - 2am),FREE,,,,,,,,,,,,,,,,,,NO PARKING FROM 2AM - 5AM EVERY NIGHT,,,,,,,,,,,,,,,
811,TTC Commuter Lot - Wilson Main Lot - 50 Wilson Heights Blvd,43.736244,-79.449177,false,surface,Surface,true,false,885,,Coins,Charge (Visa / Mastercard / American Express Only),,Pay at Entrance Lane Stations,,,Monday - Friday,Flat Rate (5am - 3pm),$4.00,Flat Rate (3pm - 2am),$2.00,,,,,yes,43.736342,-79.449104,206.61,-8.70,0,Saturday - Sunday & Holidays,(5am - 3pm),FREE,(3pm - 2am),FREE,,,,,,,,,,,,,,,,,,NO PARKING FROM 2AM - 5AM EVERY NIGHT,,,,,,,,,,,,,,,
812,TTC Commuter Lot - York Mills Lot - 4050 Yonge Street,43.744638,-79.407098,false,surface,Surface,true,false,263,,Coins,Charge (Visa / Mastercard / American Express Only),,Pay and Display,,,Monday - Friday,Flat Rate (5am - 2am),$7.00,Flat Rate (3pm - 2am),$4.00,,,,,yes,43.744842,-79.406871,231.72,-12.53,0,Saturday - Sunday & Holidays,Flat Rate (5am - 2am),$4.00,,,,,,,,,,,,,,,,,,,,NO PARKING FROM 2AM - 5AM EVERY NIGHT,,,,,,,,,,,,,,,
813,TTC Commuter Lot - Finch West Lot - 18 Hendon Ave,43.782032,-79.416368,false,surface,Surface,true,false,1552,0.00,Coins,Charge (Visa / Mastercard / American Express Only),,Pay at Entrance Lane Stations,,,Monday - Friday,Flat Rate (5am - 3pm),$5.00,Flat Rate (3pm -2am),$2.00,,,,,yes,43.782163,-79.416051,265.97,-11.96,0,Saturday - Sunday & Holidays,(5am - 3pm),FREE,(3pm - 2am),FREE,,,,,,,,,,,,,,,,,,NO PARKING FROM 2AM - 5AM EVERY NIGHT,,,,,,,,,,,,,,,
814,TTC Commuter Lot - Finch East Lot - 814 Willowdale Ave,43.782319,-79.415907,false,surface,Surface,true,false,1675,,Coins,Charge (Visa / Mastercard / American Express Only),,Pay at Entrance Lane Stations,,,Monday - Friday,Flat Rate (5am - 3pm),$5.00,Flat Rate (3pm - 2am),$2.00,,,,,yes,43.782474,-79.416123,0.00,5.00,0,Saturday - Sunday & Holidays,(5am - 3pm),FREE,(3pm - 2am),FREE,,,,,,,,,,,,,,,,,,NO PARKING FROM 2AM - 5AM EVERY NIGHT,,,,,,,,,,,,,,,
815,TTC Commuter Lot - Leslie Lot - 2760 Old Leslie Street,43.770058,-79.367484,false,surface,Surface,true,false,102,0.00,Coins,Charge (Visa / Mastercard / American Express Only),,Pay and Display,,,Monday - Sunday & Holidays,Maximum (5am - 2am),$5.00,,,$2.00 Each HOUR,,,,,,,,,,,,,,,,,,,,,,,,,,,,,,,,,,,,,,,,,,,,,,,
817,TTC Commuter Lot - Ellesmere Lot - Near 1050 Ellesmere Ave,43.766793,-79.276394,false,surface,Surface,true,false,68,,Coins,Charge (Visa / Mastercard / American Express Only),,Pay and Display,,,Monday - Friday,Flat Rate (5am - 3pm),$3.00,Flat Rate (3pm - 2am),$2.00,,,,,,,,,,,Saturday - Sunday & Holidays,(5am - 3pm),FREE,(3pm - 2am),FREE,,,,,,,,,,,,,,,,,,NO PARKING FROM 2AM - 5AM EVERY NIGHT,,,,,,,,,,,,,,,
818,TTC Commuter Lot - Lawrence East Lot - Near 2450 Lawrence Ave East,43.750477,-79.270269,false,surface,Surface,true,false,90,0.00,Coins,Charge (Visa / Mastercard / American Express Only),,Pay and Display,,,Monday - Friday,Flat Rate (5am - 3pm),$3.00,Flat Rate (3pm - 2am),$2.00,,,,,,,,,,,Saturday - Sunday & Holidays,(5am - 3pm),FREE,(3pm - 2am),FREE,,,,,,,,,,,,,,,,,,NO PARKING FROM 2AM - 5AM EVERY NIGHT,,,,,,,,,,,,,,,
819,TTC Commuter Lot - Kennedy North Lot - Near 2445 Eglinton Avenue East,43.732924,-79.264042,false,surface,Surface,true,false,112,,Coins,Charge (Visa / Mastercard / American Express Only),,Pay and Display,,,Monday - Friday,Flat Rate (5am - 3pm),$5.00,Flat Rate (3pm - 2am),$2.00,,,,,,,,,,,Saturday - Sunday & Holidays,(5am - 3pm),FREE,(3pm - 2am),FREE,,,,,,,,,,,,,,,,,,NO PARKING FROM 2AM - 5AM EVERY NIGHT,,,,,,,,,,,,,,,
820,TTC Commuter Lot - Kennedy East Lot - Near 2467 Eglinton Ave East,43.733062,-79.262282,false,surface,Surface,true,false,151,,Coins,Charge (Visa / Mastercard / American Express Only),,Pay and Display,,,Monday - Friday,Flat Rate (5am - 3pm),$4.00,Flat Rate (3pm - 2am),$2.00,,,,,,,,,,,Saturday - Sunday & Holidays,(5am - 3pm),FREE,(3pm - 2am),FREE,,,,,,,,,,,,,,,,,,NO PARKING FROM 2AM - 5AM EVERY NIGHT,,,,,,,,,,,,,,,
821,TTC Commuter Lot - Kennedy South Lot -155 Transway Cres,43.731844,-79.263471,false,surface,Surface,true,false,673,,Coins,Charge (Visa / Mastercard / American Express Only),,Pay at Entrance Lane Stations,,,Monday - Friday,Flat Rate (5am - 3pm),$5.00,Flat Rate (3pm - 2am),$2.00,,,,,,,,,,,Saturday - Sunday & Holidays,(5am - 3pm),FREE,(3pm - 2am),FREE,,,,,,,,,,,,,,,,,,NO PARKING FROM 2AM - 5AM EVERY NIGHT,,,,,,,,,,,,,,,
822,TTC Commuter Lot - Warden North Lot - 705 Warden Ave,43.715522,-79.281310,false,surface,Surface,true,false,920,0.00,Coins,Charge (Visa / Mastercard / American Express Only),,Pay at Entrance Lane Stations,,,Monday - Friday,Flat Rate (5am - 3pm),$4.00,Flat Rate (3pm - 2am),$2.00,,,,,,,,,,,Saturday - Sunday & Holidays,(5am - 3pm),FREE,(3pm - 2am),FREE,,,,,,,,,,,,,,,,,,NO PARKING FROM 2AM - 5AM EVERY NIGHT,,,,,,,,,,,,,,,
823,TTC Commuter Lot - Warden South Lot - 701 Warden Ave,43.710032,-79.279790,false,surface,Surface,true,false,151,,Coins,Charge (Visa / Mastercard / American Express Only),,Pay and Display,,,Monday - Friday,Flat Rate (5am - 3pm),$4.00,Flat Rate (3pm - 2am),$2.00,,,,,,,,,,,Saturday - Sunday & Holidays,(5am - 3pm),FREE,(3pm - 2am),FREE,,,,,,,,,,,,,,,,,,NO PARKING FROM 2AM - 5AM EVERY NIGHT,,,,,,,,,,,,,,,
824,TTC Commuter Lot - Victoria Main Lot - 777 Victoria Park Avenue,43.693563,-79.289052,false,surface,Surface,true,false,173,,Coins,Charge (Visa / Mastercard / American Express Only),,Pay and Display,,,Monday - Friday,Flat Rate (5am - 3pm),$4.00,Flat Rate (3pm - 2am),$2.00,,,,,,,,,,,Saturday - Sunday & Holidays ,(5am - 3pm),FREE,(3pm - 2am),FREE,,,,,,,,,,,,,,,,,,NO PARKING FROM 2AM - 5AM EVERY NIGHT,,,,,,,,,,,,,,,
816,TTC Commuter Lot - Don Mills Lot - 1800 Sheppard Ave East,43.775815,-79.346707,false,surface,Surface,true,false,366,,Coins,Charge (Visa / Mastercard / American Express Only),,Pay at Entrance Lane Stations,,,Monday - Friday & Holidays,Flat Rate (5am - 9:30am),$6.00,,,,,,,,,,,,,,,,,,,,,,,,,,,,,,,,,,,MALL PARKING AFTER 9:30AM,,,,,,,,,,,,,,,
825,TTC Commuter Lot - Subway Crescent Lot - 95 Subway Cres,43.634292,-79.538184,false,surface,Surface,true,false,72,,Coins,Charge (Visa / Mastercard / American Express Only),,Pay and Display,,,Monday - Friday,Flat Rate (5am - 3pm),$5.00,Flat Rate (3pm - 2am),$2.00,,,,,,,,,,,Saturday - Sunday & Holidays,(5am - 3pm),FREE,(3pm - 2am),FREE,,,,,,,,,,,,,,,,,,NO PARKING FROM 2AM - 5AM EVERY NIGHT,,,,,,,,,,,,,,,
826,TTC Commuter Lot - Kennedy North Service Road - 2450 Eglinton Ave East,43.734117,-79.263977,false,surface,Surface,true,false,199,,Coins,Charge (Visa / Mastercard / American Express Only),,Pay and Display,,,Monday - Friday,Flat Rate (5am - 3pm),$5.00,Flat Rate (3pm - 2am),$2.00,,,,,,,,,,,Saturday - Sunday & Holidays,(5am - 3pm),FREE,(3pm - 2am),FREE,,,,,,,,,,,,,,,,,,NO PARKING FROM 2AM - 5AM EVERY NIGHT,,,,,,,,,,,,,,,
827,TTC Commuter Lot - Downsview Lot - 415 William R Allen Rd,43.747011,-79.459006,false,surface,Surface,true,false,632,,Coins,Charge (Visa / Mastercard / American Express Only),,Pay at Entrance Lane Stations,,,Monday - Friday,Flat Rate (5am - 3pm),$4.00,Flat Rate (3pm - 2am),$2.00,,,,,,,,,,,Saturday - Sunday & Holidays,(5am - 3pm),FREE,(3pm - 2am),FREE,,,,,,,,,,,,,,,,,,NO PARKING FROM 2AM - 5AM EVERY NIGHT,,,,,,,,,,,,,,,
263,130 Elizabeth Street - Toronto Coach Terminal,43.655501,-79.386022,$3.00 / Half Hour,surface,Surface,false,3.00,27,0.00,Coins,Charge (Visa / Mastercard / American Express Only),,Pay and Display,,,Monday - Sunday & Holidays,Day Maximum (7am - 6pm),NO MAXIMUM,Night Maximum (6pm - 7am),NO MAXIMUM,,,,,,,,,,,,,,,,,,,,,,,,,,,,,,,,,,,,,,,,,,,,,,,,
829,TTC Commuter Lot - Transit Road Lot - 25 Transit Rd,43.733843,-79.452436,false,surface,Surface,true,false,72,,Coins,Charge (Visa / Mastercard / American Express Only),,Pay and Display,,,Monday - Friday,Flat Rate (5am - 3pm),$4.00,Flat Rate (3pm - 2am),$2.00,,,,,,,,,,,Saturday - Sunday & Holidays,(5am - 3pm),FREE,(3pm - 2am),FREE,,,,,,,,,,,,,,,,,,NO PARKING FROM 2AM - 5AM EVERY NIGHT,,,,,,,,,,,,,,,
249,1670 Bayview Ave,43.707400,-79.376543,$1.00 / Half Hour,surface,Surface,false,1.00,33,0.00,Coins,Charge (Visa / Mastercard / American Express Only),,Pay and Display,,,Monday - Friday,Day Maximum (7am - 6pm),Parking Permit Only,Night Maximum (6pm - 7am),$6.00,,,,,yes,43.707641,-79.376702,157.65,-0.55,0,Saturday - Sunday & Holidays,Day Maximum (7am - 6pm),$10.00,Night Maximum (6pm - 7am),$6.00,,,,,,,,,,,,,,,,,,,,,,,,,,,,,,,,,
246,31 Blackthorne Ave.,43.675267,-79.458876,$1.00 / Half Hour,surface,Surface,false,1.00,37,0.00,Coins,Charge (Visa / Mastercard / American Express Only),,Pay and Display,,,Monday - Sunday & Holidays,Maximum (Any 24 hr Period),$5.00,,,,,,,,,,,,,,,,,,,,,,,,,,,,,,,,,,,,,,,,,,,,,,,,,,
243,115 Unwin Avenue,43.641425,-79.341888,$0.75 / Half Hour,surface,Surface,false,0.75,123,0.00,Coins,Charge (Visa / Mastercard / American Express Only),,Pay and Display,,,Monday - Sunday & Holidays,Maximum - Any 6 hour Period (5 am - 11 pm),$3.00,,,,,,,yes,43.641021,-79.343191,145.22,-2.39,0,,,,,,,,,,,,,,,,,,,,,,,CAR PARK CLOSED FROM NOVEMBER TO MAY,,,,,,,,,,,,,,,
252,1695 Dufferin Street,43.678635,-79.442364,$1.00 / Half Hour,surface,Surface,false,1.00,14,0.00,Coins,Charge (Visa / Mastercard / American Express Only),,Pay and Display,,,Monday - Sunday & Holidays,Day Maximum (7am - 6pm),$7.00,Night Maximum (6pm - 7am),$4.00,,,,,yes,43.678666,-79.442128,297.47,0.03,0,,,,,,,,,,,,,,,,,,,,,,,,,,,,,,,,,,,,,,
133,20 Prescott Avenue,43.675143,-79.457513,$1.00 / Half Hour,surface,Surface,false,1.00,7,0.00,Coins,Charge (Visa / Mastercard / American Express Only),,Pay and Display,,,Monday - Sunday & Holidays,Maximum (Any 24 hr Period),$5.00,,,,,,,yes,43.675175,-79.457231,271.02,4.85,0,,,,,,,,,,,,,,,,,,,,,,,,,,,,,,,,,,,,,,
251,201 Claremont Street,43.651657,-79.411250,$1.00 / Half Hour,surface,Surface,false,1.00,43,2.15,Coins,Charge (Visa / Mastercard / American Express Only),,Pay and Display,,,Monday - Sunday & Holidays,Day Maximum (7am - 6pm),$7.00,Night Maximum (6pm - 7am),$4.00,,,,,yes,43.651734,-79.411089,229.46,6.78,0,,,,,,,,,,,,,,,,,,,,,,,,,,,,,,,,,,,,,,
831,TTC Commuter Lot - Islington Fieldway Lot - 22 Fieldway Rd,43.642473,-79.527540,false,surface,Surface,true,false,270,0.00,Coins,Charge (Visa / Mastercard / American Express Only),,Pay and Display,,,Monday - Friday,Flat Rate in effect 5:00 AM to 2:00 AM,,If entering 5 AM to 3 PM,$3.00,,,,,yes,43.642292,-79.527448,330.84,9.53,0,Saturday - Sunday & Holidays,Flat Rate (5am - 2am),$2.00,,,,,,,,,,,,,,,,,,,,NO PARKING FROM 2AM - 5AM EVERY NIGHT,,If entering 3 PM to 2 AM,$2.00,,,,,,,,,,,,
532,14 Barkwin Dr.,43.738468,-79.564984,$1.00 / Half Hour,surface,Surface,false,1.00,23,0.00,Coins,Charge (Visa / Mastercard / American Express Only),,Pay and Display,,,Monday - Sunday & Holidays,Maximum (Any 24 hr Period),$5.00,,,,,,,,,,,,,,,,,,,,,,,,,,,,,,,,,,,,,,,,,,,,,,,,,,
259,4 Spadina Road,43.666878,-79.404116,$1.50 / Half Hour,surface,Surface,false,1.50,51,0.00,Coins,Charge (Visa / Mastercard / American Express Only),,Pay and Display,,,Monday - Sunday & Holidays,Day Maximum (7am 6pm),$10.00,Night Maximum (6pm - 7am),$6.00,,,,,yes,43.667005,-79.403974,280.56,2.62,0,,,,,,,,,,,,,,,,,,,,,,,,,,,,,,,,,,,,,,
270,180 Spadina Avenue,43.649589,-79.396818,$2.25 / Half Hour,surface,Surface,false,2.25,35,,Coins,Charge (Visa / Mastercard / American Express Only),,Pay and Display,,,Monday - Sunday & Holidays,Day Maximum (7am - 6pm),$15.00,Night Maximum (6pm - 7am),$7.00,,,,,yes,43.649537,-79.396779,272.50,-8.59,0,,,,,,,,,,,,,,,,,,,,,,,,,,,,,,,,,,,,,,
262,302 Queen Street West,43.649429,-79.393569,$2.25 / Half Hour,surface,Surface,false,2.25,99,0.00,Coins,Charge (Visa / Mastercard / American Express Only),,Pay and Display,,,Monday - Wednesday ,Day Maximum (7am - 6pm),$16.00,Night Maximum (6pm - 7am),$8.00,,,,,yes,43.649280,-79.393576,330.10,-6.74,0,Thursday - Sunday,Day Maximum (7am - 6pm),$20.00,Night Maximum (6pm - 7am),$20.00,,,,,,,,,,,,,,,,,,,,,,,,,,,,,,,,,
248,136 Broadview Avenue,43.659822,-79.350373,$1.00 / Half Hour,surface,Surface,false,1.00,22,,Coins,Charge (Visa / Mastercard / American Express Only),,Pay and Display,,,Monday - Sunday & Holidays,Day Maximum (7am - 6pm),$6.00,Night Maximum (6pm - 7am),$4.00,,,,,,,,,,,,,,,,,,,,,,,,,,,,,,,,,,,,,,,,,,,,,,,,
264,250 Fort York Boulevard,43.638940,-79.404202,$1.00 / Half Hour,surface,Surface,false,1.00,50,0.00,Coins,Charge (Visa / Mastercard / American Express Only),,Pay and Display,,,Monday - Sunday & Holidays,Maximum (Any 8 hour Period),$8.00,,,,,,,,,,,,,,,,,,,,,,,,,,,,,,,,,,,,,,,,,,,,,,,,,,
265,250 Fort York Boulevard,43.639127,-79.403601,$1.00 / Half Hour,surface,Surface,false,1.00,81,0.00,Coins,Charge (Visa / Mastercard / American Express Only),,Pay and Display,,,Monday - Sunday & Holidays,Maximum (Any 8 hour Period),$8.00,,,,,,,,,,,,,,,,,,,,,,,,,,,,,,,,,,,,,,,,,,,,,,,,,,
268,271 Front Street East,43.651254,-79.362971,$2.00 / Half Hour,surface,Surface,false,2.00,83,0.00,Coins,Charge (Visa / Mastercard / American Express Only),,Pay and Display,,,Monday - Sunday & Holidays,Day Maximum (7am - 6pm),$12.00,Night Maximum (6pm - 7am),$6.00,,,,,yes,43.651445,-79.363212,132.56,9.05,0,,,,,,,,,,,,,,,,,,,,,,,,,,,,,,,,,,,,,,
267,70 Distillery Lane,43.650120,-79.357531,$1.75 / Half Hour,garage,Garage,false,1.75,103,2.10,Coins,Charge (Visa / Mastercard / American Express Only),,Pay and Display,,,Monday - Sunday & Holidays,Maximum (Any 10 hour Period),$14.00,,,,,,,,,,,,,,,,,,,,,,,,,,,,,,,,,,,,,,,,,,,,,,,,,,
269,1010 Yonge St.,43.675942,-79.389439,$1.25 / Half Hour,surface,Surface,false,1.25,48,0.00,Coins,Charge (Visa / Mastercard / American Express Only),,Pay and Display,,,Monday - Sunday & Holidays,Day Maximum (7am - 6pm),$10.00,Night Maximum (6pm - 7am),$5.00,,,,,yes,43.676212,-79.389208,232.57,-3.34,0,,,,,,,,,,,,,,,,,,,,,,,,,,,,,,,,,,,,,,
272,775 King Street West,43.642808,-79.405092,$1.50 / Half Hour,garage,Garage,false,1.50,135,,Coins,Charge (Visa / Mastercard / American Express Only),,Pay and Display,,,Monday to Sunday & Holidays,Day Maximum (7 am - 6 pm),$8.00,Night Maximum (6 pm - 7 am),$6.00,,,,,,,,,,,,,,,,,,,,,,,,,,,,,,,,,,,,,,,,,,,,,,,,
534,15 Marine Parade Drive,43.628862,-79.475564,$1.00 / Half Hour,surface,Surface,false,1.00,14,0.00,Coins,Charge (Visa / Mastercard / American Express Only),,Pay and Display,,,Monday to Sunday & Holidays,Maximum (6am - 11:59pm),$6.00,,,,,,,,,,,,,,,,,,,,,,,,,,,,,,,,,,,NO PARKING FROM 12AM TO 5:59AM,,,,,,,,,,,,,,,
273,20 Erskine Avenue,43.711355,-79.398550,$1.50 / Half Hour,surface,Surface,false,1.50,37,0.00,Coins,Charge (Visa / Mastercard / American Express Only),,Pay and Display,,,Monday - Sunday,Day Maximum (7am - 6pm),$10.00,Night Maximum (6pm - 7am),$6.00,,,,,,,,,,,,,,,,,,,,,,,,,,,,,,,,,,,,,,,,,,,,,,,,
711,158 Borough Drive,43.772181,-79.256377,$1.00 / Half Hour,surface,Surface,false,1.00,16,,Coins,Charge (Visa / Mastercard / American Express Only),,Pay and Display,,,Monday - Sunday & Holidays,Day Maximum (8am - 4pm),NO MAXIMUM,Night Maximum (4pm - 8am),$4.00,,,,,,,,,,,,,,,,,,,,,,,,,,,,,,,,,,,,,,,,,,,,,,,,
